CREATE TABLE nw.public.empresa (
	idempresa integer NOT NULL,
	ruc varchar(20),
	razon_social varchar(250),
	etiqueta varchar(100),
	estado bool NOT NULL,
	PRIMARY KEY (idempresa)
);
CREATE TABLE nw.public.grupo (
	idgrupo serial NOT NULL,
	idproyecto integer NOT NULL,
	grupo varchar(150),
	habilitar bool DEFAULT true,
	PRIMARY KEY (idgrupo)
);
CREATE TABLE nw.public.grupo_opcion (
	idgrupoopcion serial NOT NULL,
	idgrupo bigint NOT NULL,
	idopcion bigint NOT NULL,
	habilitar bool DEFAULT true,
	PRIMARY KEY (idgrupoopcion)
);
CREATE TABLE nw.public.menu_categoria (
	idmenucategoria integer NOT NULL,
	descripcion varchar(40),
	PRIMARY KEY (idmenucategoria)
);
CREATE TABLE nw.public.menu_categoria_proceso (
	idmenucategoriaproceso integer NOT NULL,
	idmenucategoria integer NOT NULL,
	idproceso integer NOT NULL,
	PRIMARY KEY (idmenucategoriaproceso)
);
CREATE TABLE nw.public.opcion (
	idopcion serial NOT NULL,
	idproyecto integer NOT NULL,
	opcion varchar(100) NOT NULL,
	formulario varchar(200),
	imagen varchar(200),
	idtipopantalla integer,
	habilitar bool DEFAULT true,
	nuevapestana bool DEFAULT false,
	idmenucategoriaproceso integer,
	PRIMARY KEY (idopcion)
);
CREATE TABLE nw.public.proceso (
	idproceso integer NOT NULL,
	descripcionproceso varchar(50),
	codproceso varchar(10),
	orden integer,
	rutalogo char(100),
	PRIMARY KEY (idproceso)
);
CREATE TABLE nw.public.proyecto (
	idproyecto integer NOT NULL,
	nombre varchar(200) NOT NULL,
	descripcion varchar(300),
	"version" varchar(10),
	estado bool NOT NULL,
	PRIMARY KEY (idproyecto)
);
CREATE TABLE nw.public.usuario (
	idusuario varchar(20) NOT NULL,
	clave varchar(20) NOT NULL,
	idarea integer,
	iddepartamento integer,
	idproceso integer,
	codigoevolution varchar(100),
	identificacion varchar(20),
	nombres varchar(150),
	apellidos varchar(150),
	tipo integer DEFAULT 1,
	expirar_sesion bool NOT NULL,
	dias_clave_activa integer,
	estado bool NOT NULL,
	PRIMARY KEY (idusuario)
);
create sequence usuario_acceso_empresa_proyec_idusuario_acceso_empresa_proy_seq;
CREATE TABLE nw.public.usuario_acceso_empresa_proyecto (
	idusuario_acceso_empresa_proyecto bigint DEFAULT nextval('usuario_acceso_empresa_proyec_idusuario_acceso_empresa_proy_seq'::regclass) NOT NULL,
	idusuario varchar(20) NOT NULL,
	idempresa integer NOT NULL,
	idproyecto integer NOT NULL,
	idgrupo bigint,
	fecha_hora_ultima_acceso timestamp NOT NULL,
	PRIMARY KEY (idusuario_acceso_empresa_proyecto)
);
CREATE TABLE nw.public.usuario_clave (
	idusuarioclave serial NOT NULL,
	idusuario varchar(20) NOT NULL,
	clave_anterior varchar(15),
	fecha_ultimo_cambio_clave timestamp,
	PRIMARY KEY (idusuarioclave)
);
INSERT INTO nw.public.empresa(idempresa, ruc, razon_social, etiqueta, estado) VALUES (1, '111', 'NIRSA - ATUNERA', 'NIRSA', 't');
INSERT INTO nw.public.empresa(idempresa, ruc, razon_social, etiqueta, estado) VALUES (2, '222', 'PROPOSROJA - EMPACADORA', 'PPJA', 't');
INSERT INTO nw.public.empresa(idempresa, ruc, razon_social, etiqueta, estado) VALUES (3, '333', 'NIRSA - EMPACADORA', 'NIRSA', 't');
INSERT INTO nw.public.grupo(idgrupo, idproyecto, grupo, habilitar) VALUES (103, 1, 'ADMIN', 't');
INSERT INTO nw.public.grupo_opcion(idgrupoopcion, idgrupo, idopcion, habilitar) VALUES (1, 103, 1628, 't');
INSERT INTO nw.public.grupo_opcion(idgrupoopcion, idgrupo, idopcion, habilitar) VALUES (2, 103, 1774, 't');
INSERT INTO nw.public.grupo_opcion(idgrupoopcion, idgrupo, idopcion, habilitar) VALUES (3, 103, 1619, 't');
INSERT INTO nw.public.grupo_opcion(idgrupoopcion, idgrupo, idopcion, habilitar) VALUES (4, 103, 1777, 't');
INSERT INTO nw.public.grupo_opcion(idgrupoopcion, idgrupo, idopcion, habilitar) VALUES (5, 103, 1779, 't');
INSERT INTO nw.public.grupo_opcion(idgrupoopcion, idgrupo, idopcion, habilitar) VALUES (6, 103, 1782, 't');
INSERT INTO nw.public.grupo_opcion(idgrupoopcion, idgrupo, idopcion, habilitar) VALUES (7, 103, 1833, 't');
INSERT INTO nw.public.grupo_opcion(idgrupoopcion, idgrupo, idopcion, habilitar) VALUES (8, 103, 1824, 't');
INSERT INTO nw.public.grupo_opcion(idgrupoopcion, idgrupo, idopcion, habilitar) VALUES (9, 103, 1768, 't');
INSERT INTO nw.public.grupo_opcion(idgrupoopcion, idgrupo, idopcion, habilitar) VALUES (10, 103, 1531, 't');
INSERT INTO nw.public.grupo_opcion(idgrupoopcion, idgrupo, idopcion, habilitar) VALUES (11, 103, 1563, 't');
INSERT INTO nw.public.grupo_opcion(idgrupoopcion, idgrupo, idopcion, habilitar) VALUES (12, 103, 1624, 't');
INSERT INTO nw.public.grupo_opcion(idgrupoopcion, idgrupo, idopcion, habilitar) VALUES (13, 103, 1634, 't');
INSERT INTO nw.public.grupo_opcion(idgrupoopcion, idgrupo, idopcion, habilitar) VALUES (14, 103, 1620, 't');
INSERT INTO nw.public.grupo_opcion(idgrupoopcion, idgrupo, idopcion, habilitar) VALUES (15, 103, 1623, 't');
INSERT INTO nw.public.grupo_opcion(idgrupoopcion, idgrupo, idopcion, habilitar) VALUES (16, 103, 1558, 't');
INSERT INTO nw.public.grupo_opcion(idgrupoopcion, idgrupo, idopcion, habilitar) VALUES (17, 103, 1708, 't');
INSERT INTO nw.public.grupo_opcion(idgrupoopcion, idgrupo, idopcion, habilitar) VALUES (18, 103, 1709, 't');
INSERT INTO nw.public.grupo_opcion(idgrupoopcion, idgrupo, idopcion, habilitar) VALUES (19, 103, 1718, 't');
INSERT INTO nw.public.grupo_opcion(idgrupoopcion, idgrupo, idopcion, habilitar) VALUES (20, 103, 1703, 't');
INSERT INTO nw.public.grupo_opcion(idgrupoopcion, idgrupo, idopcion, habilitar) VALUES (21, 103, 1737, 't');
INSERT INTO nw.public.grupo_opcion(idgrupoopcion, idgrupo, idopcion, habilitar) VALUES (22, 103, 1741, 't');
INSERT INTO nw.public.grupo_opcion(idgrupoopcion, idgrupo, idopcion, habilitar) VALUES (23, 103, 1761, 't');
INSERT INTO nw.public.grupo_opcion(idgrupoopcion, idgrupo, idopcion, habilitar) VALUES (24, 103, 1767, 't');
INSERT INTO nw.public.grupo_opcion(idgrupoopcion, idgrupo, idopcion, habilitar) VALUES (25, 103, 1769, 't');
INSERT INTO nw.public.grupo_opcion(idgrupoopcion, idgrupo, idopcion, habilitar) VALUES (26, 103, 1815, 't');
INSERT INTO nw.public.grupo_opcion(idgrupoopcion, idgrupo, idopcion, habilitar) VALUES (27, 103, 1828, 't');
INSERT INTO nw.public.grupo_opcion(idgrupoopcion, idgrupo, idopcion, habilitar) VALUES (28, 103, 1816, 't');
INSERT INTO nw.public.grupo_opcion(idgrupoopcion, idgrupo, idopcion, habilitar) VALUES (29, 103, 1521, 't');
INSERT INTO nw.public.grupo_opcion(idgrupoopcion, idgrupo, idopcion, habilitar) VALUES (30, 103, 1832, 't');
INSERT INTO nw.public.grupo_opcion(idgrupoopcion, idgrupo, idopcion, habilitar) VALUES (31, 103, 1662, 't');
INSERT INTO nw.public.grupo_opcion(idgrupoopcion, idgrupo, idopcion, habilitar) VALUES (32, 103, 1825, 't');
INSERT INTO nw.public.grupo_opcion(idgrupoopcion, idgrupo, idopcion, habilitar) VALUES (33, 103, 1827, 't');
INSERT INTO nw.public.grupo_opcion(idgrupoopcion, idgrupo, idopcion, habilitar) VALUES (34, 103, 1917, 't');
INSERT INTO nw.public.grupo_opcion(idgrupoopcion, idgrupo, idopcion, habilitar) VALUES (35, 103, 1919, 't');
INSERT INTO nw.public.grupo_opcion(idgrupoopcion, idgrupo, idopcion, habilitar) VALUES (36, 103, 1903, 't');
INSERT INTO nw.public.grupo_opcion(idgrupoopcion, idgrupo, idopcion, habilitar) VALUES (37, 103, 1895, 't');
INSERT INTO nw.public.grupo_opcion(idgrupoopcion, idgrupo, idopcion, habilitar) VALUES (38, 103, 1515, 't');
INSERT INTO nw.public.grupo_opcion(idgrupoopcion, idgrupo, idopcion, habilitar) VALUES (39, 103, 1516, 't');
INSERT INTO nw.public.grupo_opcion(idgrupoopcion, idgrupo, idopcion, habilitar) VALUES (40, 103, 1517, 't');
INSERT INTO nw.public.grupo_opcion(idgrupoopcion, idgrupo, idopcion, habilitar) VALUES (41, 103, 1523, 't');
INSERT INTO nw.public.grupo_opcion(idgrupoopcion, idgrupo, idopcion, habilitar) VALUES (42, 103, 1526, 't');
INSERT INTO nw.public.grupo_opcion(idgrupoopcion, idgrupo, idopcion, habilitar) VALUES (43, 103, 1931, 't');
INSERT INTO nw.public.grupo_opcion(idgrupoopcion, idgrupo, idopcion, habilitar) VALUES (44, 103, 1932, 't');
INSERT INTO nw.public.grupo_opcion(idgrupoopcion, idgrupo, idopcion, habilitar) VALUES (45, 103, 1527, 't');
INSERT INTO nw.public.grupo_opcion(idgrupoopcion, idgrupo, idopcion, habilitar) VALUES (46, 103, 1522, 't');
INSERT INTO nw.public.grupo_opcion(idgrupoopcion, idgrupo, idopcion, habilitar) VALUES (47, 103, 1679, 't');
INSERT INTO nw.public.grupo_opcion(idgrupoopcion, idgrupo, idopcion, habilitar) VALUES (48, 103, 1952, 't');
INSERT INTO nw.public.grupo_opcion(idgrupoopcion, idgrupo, idopcion, habilitar) VALUES (49, 103, 1596, 't');
INSERT INTO nw.public.grupo_opcion(idgrupoopcion, idgrupo, idopcion, habilitar) VALUES (50, 103, 1706, 't');
INSERT INTO nw.public.grupo_opcion(idgrupoopcion, idgrupo, idopcion, habilitar) VALUES (51, 103, 1976, 't');
INSERT INTO nw.public.grupo_opcion(idgrupoopcion, idgrupo, idopcion, habilitar) VALUES (52, 103, 1974, 't');
INSERT INTO nw.public.grupo_opcion(idgrupoopcion, idgrupo, idopcion, habilitar) VALUES (53, 103, 1925, 't');
INSERT INTO nw.public.grupo_opcion(idgrupoopcion, idgrupo, idopcion, habilitar) VALUES (54, 103, 1585, 't');
INSERT INTO nw.public.grupo_opcion(idgrupoopcion, idgrupo, idopcion, habilitar) VALUES (55, 103, 1913, 't');
INSERT INTO nw.public.grupo_opcion(idgrupoopcion, idgrupo, idopcion, habilitar) VALUES (56, 103, 1933, 't');
INSERT INTO nw.public.grupo_opcion(idgrupoopcion, idgrupo, idopcion, habilitar) VALUES (57, 103, 1992, 't');
INSERT INTO nw.public.grupo_opcion(idgrupoopcion, idgrupo, idopcion, habilitar) VALUES (58, 103, 1993, 't');
INSERT INTO nw.public.grupo_opcion(idgrupoopcion, idgrupo, idopcion, habilitar) VALUES (59, 103, 1995, 't');
INSERT INTO nw.public.grupo_opcion(idgrupoopcion, idgrupo, idopcion, habilitar) VALUES (60, 103, 1997, 't');
INSERT INTO nw.public.grupo_opcion(idgrupoopcion, idgrupo, idopcion, habilitar) VALUES (61, 103, 1998, 't');
INSERT INTO nw.public.grupo_opcion(idgrupoopcion, idgrupo, idopcion, habilitar) VALUES (62, 103, 1890, 't');
INSERT INTO nw.public.grupo_opcion(idgrupoopcion, idgrupo, idopcion, habilitar) VALUES (63, 103, 2016, 't');
INSERT INTO nw.public.grupo_opcion(idgrupoopcion, idgrupo, idopcion, habilitar) VALUES (64, 103, 2021, 't');
INSERT INTO nw.public.grupo_opcion(idgrupoopcion, idgrupo, idopcion, habilitar) VALUES (65, 103, 2007, 't');
INSERT INTO nw.public.grupo_opcion(idgrupoopcion, idgrupo, idopcion, habilitar) VALUES (66, 103, 2022, 't');
INSERT INTO nw.public.menu_categoria(idmenucategoria, descripcion) VALUES (1, 'INGRESOS');
INSERT INTO nw.public.menu_categoria(idmenucategoria, descripcion) VALUES (2, 'CONSULTAS / REPORTES');
INSERT INTO nw.public.menu_categoria(idmenucategoria, descripcion) VALUES (3, 'MANTENIMIENTOS');
INSERT INTO nw.public.menu_categoria(idmenucategoria, descripcion) VALUES (4, 'PROCESOS');
INSERT INTO nw.public.menu_categoria_proceso(idmenucategoriaproceso, idmenucategoria, idproceso) VALUES (1, 1, 5);
INSERT INTO nw.public.menu_categoria_proceso(idmenucategoriaproceso, idmenucategoria, idproceso) VALUES (2, 2, 5);
INSERT INTO nw.public.menu_categoria_proceso(idmenucategoriaproceso, idmenucategoria, idproceso) VALUES (3, 3, 5);
INSERT INTO nw.public.menu_categoria_proceso(idmenucategoriaproceso, idmenucategoria, idproceso) VALUES (4, 1, 3);
INSERT INTO nw.public.menu_categoria_proceso(idmenucategoriaproceso, idmenucategoria, idproceso) VALUES (5, 2, 3);
INSERT INTO nw.public.menu_categoria_proceso(idmenucategoriaproceso, idmenucategoria, idproceso) VALUES (6, 3, 3);
INSERT INTO nw.public.menu_categoria_proceso(idmenucategoriaproceso, idmenucategoria, idproceso) VALUES (7, 1, 2);
INSERT INTO nw.public.menu_categoria_proceso(idmenucategoriaproceso, idmenucategoria, idproceso) VALUES (8, 2, 2);
INSERT INTO nw.public.menu_categoria_proceso(idmenucategoriaproceso, idmenucategoria, idproceso) VALUES (9, 3, 2);
INSERT INTO nw.public.menu_categoria_proceso(idmenucategoriaproceso, idmenucategoria, idproceso) VALUES (10, 1, 4);
INSERT INTO nw.public.menu_categoria_proceso(idmenucategoriaproceso, idmenucategoria, idproceso) VALUES (11, 2, 4);
INSERT INTO nw.public.menu_categoria_proceso(idmenucategoriaproceso, idmenucategoria, idproceso) VALUES (12, 3, 4);
INSERT INTO nw.public.menu_categoria_proceso(idmenucategoriaproceso, idmenucategoria, idproceso) VALUES (13, 1, 1);
INSERT INTO nw.public.menu_categoria_proceso(idmenucategoriaproceso, idmenucategoria, idproceso) VALUES (14, 2, 1);
INSERT INTO nw.public.menu_categoria_proceso(idmenucategoriaproceso, idmenucategoria, idproceso) VALUES (15, 3, 1);
INSERT INTO nw.public.menu_categoria_proceso(idmenucategoriaproceso, idmenucategoria, idproceso) VALUES (16, 1, 6);
INSERT INTO nw.public.menu_categoria_proceso(idmenucategoriaproceso, idmenucategoria, idproceso) VALUES (17, 2, 6);
INSERT INTO nw.public.menu_categoria_proceso(idmenucategoriaproceso, idmenucategoria, idproceso) VALUES (18, 3, 6);
INSERT INTO nw.public.menu_categoria_proceso(idmenucategoriaproceso, idmenucategoria, idproceso) VALUES (19, 1, 9);
INSERT INTO nw.public.menu_categoria_proceso(idmenucategoriaproceso, idmenucategoria, idproceso) VALUES (20, 2, 9);
INSERT INTO nw.public.menu_categoria_proceso(idmenucategoriaproceso, idmenucategoria, idproceso) VALUES (21, 3, 9);
INSERT INTO nw.public.menu_categoria_proceso(idmenucategoriaproceso, idmenucategoria, idproceso) VALUES (22, 1, 13);
INSERT INTO nw.public.menu_categoria_proceso(idmenucategoriaproceso, idmenucategoria, idproceso) VALUES (23, 2, 13);
INSERT INTO nw.public.menu_categoria_proceso(idmenucategoriaproceso, idmenucategoria, idproceso) VALUES (24, 3, 13);
INSERT INTO nw.public.menu_categoria_proceso(idmenucategoriaproceso, idmenucategoria, idproceso) VALUES (25, 1, 30);
INSERT INTO nw.public.menu_categoria_proceso(idmenucategoriaproceso, idmenucategoria, idproceso) VALUES (26, 2, 30);
INSERT INTO nw.public.menu_categoria_proceso(idmenucategoriaproceso, idmenucategoria, idproceso) VALUES (27, 3, 30);
INSERT INTO nw.public.menu_categoria_proceso(idmenucategoriaproceso, idmenucategoria, idproceso) VALUES (28, 4, 1);
INSERT INTO nw.public.menu_categoria_proceso(idmenucategoriaproceso, idmenucategoria, idproceso) VALUES (29, 4, 2);
INSERT INTO nw.public.menu_categoria_proceso(idmenucategoriaproceso, idmenucategoria, idproceso) VALUES (30, 4, 3);
INSERT INTO nw.public.menu_categoria_proceso(idmenucategoriaproceso, idmenucategoria, idproceso) VALUES (31, 4, 4);
INSERT INTO nw.public.menu_categoria_proceso(idmenucategoriaproceso, idmenucategoria, idproceso) VALUES (32, 4, 5);
INSERT INTO nw.public.menu_categoria_proceso(idmenucategoriaproceso, idmenucategoria, idproceso) VALUES (33, 4, 6);
INSERT INTO nw.public.menu_categoria_proceso(idmenucategoriaproceso, idmenucategoria, idproceso) VALUES (34, 4, 9);
INSERT INTO nw.public.menu_categoria_proceso(idmenucategoriaproceso, idmenucategoria, idproceso) VALUES (35, 4, 13);
INSERT INTO nw.public.menu_categoria_proceso(idmenucategoriaproceso, idmenucategoria, idproceso) VALUES (36, 1, 16);
INSERT INTO nw.public.menu_categoria_proceso(idmenucategoriaproceso, idmenucategoria, idproceso) VALUES (37, 2, 16);
INSERT INTO nw.public.menu_categoria_proceso(idmenucategoriaproceso, idmenucategoria, idproceso) VALUES (38, 3, 16);
INSERT INTO nw.public.menu_categoria_proceso(idmenucategoriaproceso, idmenucategoria, idproceso) VALUES (39, 4, 16);
INSERT INTO nw.public.menu_categoria_proceso(idmenucategoriaproceso, idmenucategoria, idproceso) VALUES (40, 1, 25);
INSERT INTO nw.public.menu_categoria_proceso(idmenucategoriaproceso, idmenucategoria, idproceso) VALUES (41, 2, 25);
INSERT INTO nw.public.menu_categoria_proceso(idmenucategoriaproceso, idmenucategoria, idproceso) VALUES (42, 3, 25);
INSERT INTO nw.public.menu_categoria_proceso(idmenucategoriaproceso, idmenucategoria, idproceso) VALUES (43, 4, 25);
INSERT INTO nw.public.menu_categoria_proceso(idmenucategoriaproceso, idmenucategoria, idproceso) VALUES (44, 1, 27);
INSERT INTO nw.public.menu_categoria_proceso(idmenucategoriaproceso, idmenucategoria, idproceso) VALUES (45, 2, 27);
INSERT INTO nw.public.menu_categoria_proceso(idmenucategoriaproceso, idmenucategoria, idproceso) VALUES (46, 3, 27);
INSERT INTO nw.public.menu_categoria_proceso(idmenucategoriaproceso, idmenucategoria, idproceso) VALUES (47, 4, 27);
INSERT INTO nw.public.menu_categoria_proceso(idmenucategoriaproceso, idmenucategoria, idproceso) VALUES (48, 1, 28);
INSERT INTO nw.public.menu_categoria_proceso(idmenucategoriaproceso, idmenucategoria, idproceso) VALUES (49, 2, 28);
INSERT INTO nw.public.menu_categoria_proceso(idmenucategoriaproceso, idmenucategoria, idproceso) VALUES (50, 3, 28);
INSERT INTO nw.public.menu_categoria_proceso(idmenucategoriaproceso, idmenucategoria, idproceso) VALUES (51, 4, 28);
INSERT INTO nw.public.menu_categoria_proceso(idmenucategoriaproceso, idmenucategoria, idproceso) VALUES (52, 1, 29);
INSERT INTO nw.public.menu_categoria_proceso(idmenucategoriaproceso, idmenucategoria, idproceso) VALUES (53, 2, 29);
INSERT INTO nw.public.menu_categoria_proceso(idmenucategoriaproceso, idmenucategoria, idproceso) VALUES (54, 3, 29);
INSERT INTO nw.public.menu_categoria_proceso(idmenucategoriaproceso, idmenucategoria, idproceso) VALUES (55, 4, 29);
INSERT INTO nw.public.menu_categoria_proceso(idmenucategoriaproceso, idmenucategoria, idproceso) VALUES (56, 4, 30);
INSERT INTO nw.public.menu_categoria_proceso(idmenucategoriaproceso, idmenucategoria, idproceso) VALUES (57, 1, 31);
INSERT INTO nw.public.menu_categoria_proceso(idmenucategoriaproceso, idmenucategoria, idproceso) VALUES (58, 2, 31);
INSERT INTO nw.public.menu_categoria_proceso(idmenucategoriaproceso, idmenucategoria, idproceso) VALUES (59, 3, 31);
INSERT INTO nw.public.menu_categoria_proceso(idmenucategoriaproceso, idmenucategoria, idproceso) VALUES (60, 4, 31);
INSERT INTO nw.public.menu_categoria_proceso(idmenucategoriaproceso, idmenucategoria, idproceso) VALUES (61, 2, 30);
INSERT INTO nw.public.opcion(idopcion, idproyecto, opcion, formulario, imagen, idtipopantalla, habilitar, nuevapestana, idmenucategoriaproceso) VALUES (901, 1, 'Eviscerado', '/produccion/Eviscerado.zul', null, null, 'f', 'f', null);
INSERT INTO nw.public.opcion(idopcion, idproyecto, opcion, formulario, imagen, idtipopantalla, habilitar, nuevapestana, idmenucategoriaproceso) VALUES (902, 1, 'Recorte Evisc.', '/produccion/EvisceradoRecortes.zul', null, null, 'f', 'f', null);
INSERT INTO nw.public.opcion(idopcion, idproyecto, opcion, formulario, imagen, idtipopantalla, habilitar, nuevapestana, idmenucategoriaproceso) VALUES (1001, 1, 'Calidad BPM Desembarco', '/produccion/CalidadBPMDesembarco.zul', null, null, 't', 'f', 44);
INSERT INTO nw.public.opcion(idopcion, idproyecto, opcion, formulario, imagen, idtipopantalla, habilitar, nuevapestana, idmenucategoriaproceso) VALUES (1002, 1, 'Calidad PCC1 Quimico', '/produccion/CalidadPCC1Quimico.zul', null, null, 't', 'f', 44);
INSERT INTO nw.public.opcion(idopcion, idproyecto, opcion, formulario, imagen, idtipopantalla, habilitar, nuevapestana, idmenucategoriaproceso) VALUES (1003, 1, 'Calidad PCC1', '/produccion/CalidadPCC1Sensorial.zul', null, null, 't', 'f', 44);
INSERT INTO nw.public.opcion(idopcion, idproyecto, opcion, formulario, imagen, idtipopantalla, habilitar, nuevapestana, idmenucategoriaproceso) VALUES (1004, 1, 'Creación Formato Sensorial MP', '/produccion/CalidadSensorialMpC.zul', null, null, 't', 'f', 44);
INSERT INTO nw.public.opcion(idopcion, idproyecto, opcion, formulario, imagen, idtipopantalla, habilitar, nuevapestana, idmenucategoriaproceso) VALUES (1005, 1, 'Calidad Sensorial MP', '/produccion/CalidadSensorialMpV2.zul', null, null, 't', 'f', 44);
INSERT INTO nw.public.opcion(idopcion, idproyecto, opcion, formulario, imagen, idtipopantalla, habilitar, nuevapestana, idmenucategoriaproceso) VALUES (1501, 1, 'Barcos Descarga', '/produccion/CamaraBarcoDescarga.zul', null, null, 't', 'f', 47);
INSERT INTO nw.public.opcion(idopcion, idproyecto, opcion, formulario, imagen, idtipopantalla, habilitar, nuevapestana, idmenucategoriaproceso) VALUES (1502, 1, 'Cierre de Descarga de Barco', '/produccion/CamaraBarcoDescargaCierre.zul', null, null, 't', 'f', 47);
INSERT INTO nw.public.opcion(idopcion, idproyecto, opcion, formulario, imagen, idtipopantalla, habilitar, nuevapestana, idmenucategoriaproceso) VALUES (1503, 1, 'Reportes Control de Calidad (Validación)', '/produccion/CamaraBarcoDescargaImpresion.zul', null, null, 't', 'f', 45);
INSERT INTO nw.public.opcion(idopcion, idproyecto, opcion, formulario, imagen, idtipopantalla, habilitar, nuevapestana, idmenucategoriaproceso) VALUES (1504, 1, 'Calidad PCC1 Consulta Quimico', '/produccion/CalidadPCC1QuimicoConsulta.zul', null, null, 't', 'f', 45);
INSERT INTO nw.public.opcion(idopcion, idproyecto, opcion, formulario, imagen, idtipopantalla, habilitar, nuevapestana, idmenucategoriaproceso) VALUES (1505, 1, 'Aprobación Descarga Cuba', '/produccion/CalidadAprobacionDescargaCuba.zul', null, null, 't', 'f', 47);
INSERT INTO nw.public.opcion(idopcion, idproyecto, opcion, formulario, imagen, idtipopantalla, habilitar, nuevapestana, idmenucategoriaproceso) VALUES (1506, 1, 'Reportes Control de Calidad', '/produccion/CamaraBarcoDescargaImpresionNormal.zul', null, null, 't', 'f', 45);
INSERT INTO nw.public.opcion(idopcion, idproyecto, opcion, formulario, imagen, idtipopantalla, habilitar, nuevapestana, idmenucategoriaproceso) VALUES (1507, 1, 'QAC_Recep.Atún Muestreos/lote Mantenimiento', '/produccion/CalidadPCC1Mantenimiento.zul', null, null, 't', 'f', 46);
INSERT INTO nw.public.opcion(idopcion, idproyecto, opcion, formulario, imagen, idtipopantalla, habilitar, nuevapestana, idmenucategoriaproceso) VALUES (1508, 1, 'Sensorial MP Mantenimiento', '/produccion/CalidadSensorialMpMantenimiento.zul', null, null, 't', 'f', 46);
INSERT INTO nw.public.opcion(idopcion, idproyecto, opcion, formulario, imagen, idtipopantalla, habilitar, nuevapestana, idmenucategoriaproceso) VALUES (1509, 1, 'BPM Desembarco Mantenimiento', '/produccion/CalidadBPMDesembarcoMantenimiento.zul', null, null, 't', 'f', 46);
INSERT INTO nw.public.opcion(idopcion, idproyecto, opcion, formulario, imagen, idtipopantalla, habilitar, nuevapestana, idmenucategoriaproceso) VALUES (1510, 1, 'Camara Registro de Descarga Barco', '/produccion/CamaraRegistroBarcoDescarga.zul', null, null, 't', 'f', 44);
INSERT INTO nw.public.opcion(idopcion, idproyecto, opcion, formulario, imagen, idtipopantalla, habilitar, nuevapestana, idmenucategoriaproceso) VALUES (1511, 1, 'Camara Recepción Barco Descarga', '/produccion/CamaraRecepcionBarcoDescarga.zul', null, null, 't', 'f', 44);
INSERT INTO nw.public.opcion(idopcion, idproyecto, opcion, formulario, imagen, idtipopantalla, habilitar, nuevapestana, idmenucategoriaproceso) VALUES (1512, 1, 'Camara Registro Cajon Barco Descarga', '/produccion/CamaraRegistroCajonBarcoDescarga.zul', null, null, 't', 'f', 44);
INSERT INTO nw.public.opcion(idopcion, idproyecto, opcion, formulario, imagen, idtipopantalla, habilitar, nuevapestana, idmenucategoriaproceso) VALUES (1513, 1, 'Camara Registro Cajon Barco Descarga Mantenimiento', '/produccion/CamaraRegistroCajonBarcoDescargaMantenimiento.zul', null, null, 't', 'f', 46);
INSERT INTO nw.public.opcion(idopcion, idproyecto, opcion, formulario, imagen, idtipopantalla, habilitar, nuevapestana, idmenucategoriaproceso) VALUES (1514, 1, 'Camara Validacion Cajon Barco Descarga', '/produccion/CamaraValidacionCajonBarcoDescarga.zul', null, null, 't', 'f', 44);
INSERT INTO nw.public.opcion(idopcion, idproyecto, opcion, formulario, imagen, idtipopantalla, habilitar, nuevapestana, idmenucategoriaproceso) VALUES (1515, 1, 'Registro de Desperdicio', '/produccion/Desperdicio2.zul', null, null, 't', 'f', 13);
INSERT INTO nw.public.opcion(idopcion, idproyecto, opcion, formulario, imagen, idtipopantalla, habilitar, nuevapestana, idmenucategoriaproceso) VALUES (1516, 1, 'Asignación de Cajón Desperdicio', '/produccion/DesperdicioCajonRegistro.zul', null, null, 't', 'f', 28);
INSERT INTO nw.public.opcion(idopcion, idproyecto, opcion, formulario, imagen, idtipopantalla, habilitar, nuevapestana, idmenucategoriaproceso) VALUES (1517, 1, 'Sellar Cajón Desperdicio', '/produccion/DesperdicioCerrarCajon.zul', null, null, 't', 'f', 28);
INSERT INTO nw.public.opcion(idopcion, idproyecto, opcion, formulario, imagen, idtipopantalla, habilitar, nuevapestana, idmenucategoriaproceso) VALUES (1518, 1, 'Registro de Cajón - Harina', '/produccion/HarinaCajon.zul', null, null, 't', 'f', 7);
INSERT INTO nw.public.opcion(idopcion, idproyecto, opcion, formulario, imagen, idtipopantalla, habilitar, nuevapestana, idmenucategoriaproceso) VALUES (1519, 1, 'Reportes Control de Calidad (Barcos Descargados)', '/produccion/CamaraBarcoDescargaImpresionNormalFiltros.zul', null, null, 't', 'f', 45);
INSERT INTO nw.public.opcion(idopcion, idproyecto, opcion, formulario, imagen, idtipopantalla, habilitar, nuevapestana, idmenucategoriaproceso) VALUES (1520, 1, 'Reportes Control Calidad (Historial de Barcos Descargados)', '/produccion/CalidadImpresionHistorialBarcosDescargados.zul', null, null, 't', 'f', 45);
INSERT INTO nw.public.opcion(idopcion, idproyecto, opcion, formulario, imagen, idtipopantalla, habilitar, nuevapestana, idmenucategoriaproceso) VALUES (1521, 1, 'Desperdicio Impresión', '/produccion/DesperdicioImpresion.zul', null, null, 't', 'f', 14);
INSERT INTO nw.public.opcion(idopcion, idproyecto, opcion, formulario, imagen, idtipopantalla, habilitar, nuevapestana, idmenucategoriaproceso) VALUES (1522, 1, 'Harina Impresión', '/produccion/HarinaImpresion.zul', null, null, 't', 'f', 8);
INSERT INTO nw.public.opcion(idopcion, idproyecto, opcion, formulario, imagen, idtipopantalla, habilitar, nuevapestana, idmenucategoriaproceso) VALUES (1523, 1, 'Reasignación de Gavetas en Cajones', '/produccion/DesperdicioReasignarGavetas.zul', null, null, 't', 'f', 15);
INSERT INTO nw.public.opcion(idopcion, idproyecto, opcion, formulario, imagen, idtipopantalla, habilitar, nuevapestana, idmenucategoriaproceso) VALUES (1524, 1, 'Habillitar Ingreso Manual Desperdicio', '/produccion/DesperdicioHabilitarIngresoManual.zul', null, null, 't', 'f', 28);
INSERT INTO nw.public.opcion(idopcion, idproyecto, opcion, formulario, imagen, idtipopantalla, habilitar, nuevapestana, idmenucategoriaproceso) VALUES (1525, 1, 'Habillitar Ingreso Manual Harina', '/produccion/HarinaHabilitarIngresoManual.zul', null, null, 't', 'f', 29);
INSERT INTO nw.public.opcion(idopcion, idproyecto, opcion, formulario, imagen, idtipopantalla, habilitar, nuevapestana, idmenucategoriaproceso) VALUES (1526, 1, 'Desperdicio Consulta Peso Cajón', '/produccion/DesperdicioConsultaPesoCajon.zul', null, null, 't', 'f', 14);
INSERT INTO nw.public.opcion(idopcion, idproyecto, opcion, formulario, imagen, idtipopantalla, habilitar, nuevapestana, idmenucategoriaproceso) VALUES (1527, 1, 'Desperdicio Peso Cajón Mantenimiento', '/produccion/DesperdicioPesoCajonMantenimiento.zul', null, null, 't', 'f', 15);
INSERT INTO nw.public.opcion(idopcion, idproyecto, opcion, formulario, imagen, idtipopantalla, habilitar, nuevapestana, idmenucategoriaproceso) VALUES (1528, 1, 'Carga Archivo de Producción', '/produccion/ProduccionCargaLoteV3.zul', null, null, 't', 'f', 56);
INSERT INTO nw.public.opcion(idopcion, idproyecto, opcion, formulario, imagen, idtipopantalla, habilitar, nuevapestana, idmenucategoriaproceso) VALUES (1529, 1, 'Registro Peso Bandejas', '/produccion/LimpiezaDetalleProcesoBandeja.zul', null, null, 't', 'f', 10);
INSERT INTO nw.public.opcion(idopcion, idproyecto, opcion, formulario, imagen, idtipopantalla, habilitar, nuevapestana, idmenucategoriaproceso) VALUES (1530, 1, 'Apertura Lote Limpieza', '/produccion/LoteAperturaCierre.zul', null, null, 't', 'f', 31);
INSERT INTO nw.public.opcion(idopcion, idproyecto, opcion, formulario, imagen, idtipopantalla, habilitar, nuevapestana, idmenucategoriaproceso) VALUES (1531, 1, 'Proceso Limpieza Apertura - Cierre', '/produccion/LimpiezaAperturaCierreV1.zul', null, null, 't', 'f', 31);
INSERT INTO nw.public.opcion(idopcion, idproyecto, opcion, formulario, imagen, idtipopantalla, habilitar, nuevapestana, idmenucategoriaproceso) VALUES (1532, 1, 'Reapertura - Cierre Lote', '/produccion/LoteReaperturaCierre.zul', null, null, 't', 'f', 31);
INSERT INTO nw.public.opcion(idopcion, idproyecto, opcion, formulario, imagen, idtipopantalla, habilitar, nuevapestana, idmenucategoriaproceso) VALUES (1533, 1, 'Limpieza Impresión de Reportes', '/produccion/LimpiezaImpresion.zul', null, null, 't', 'f', 11);
INSERT INTO nw.public.opcion(idopcion, idproyecto, opcion, formulario, imagen, idtipopantalla, habilitar, nuevapestana, idmenucategoriaproceso) VALUES (1534, 1, 'Limpieza Reportes de Líneas', '/produccion/LimpiezaDetalleProcesoBandejaImpresion.zul', null, null, 't', 'f', 11);
INSERT INTO nw.public.opcion(idopcion, idproyecto, opcion, formulario, imagen, idtipopantalla, habilitar, nuevapestana, idmenucategoriaproceso) VALUES (1535, 1, 'Limpieza Reporte Excel', '/produccion/LimpiezaExcel.zul', null, null, 't', 'f', 11);
INSERT INTO nw.public.opcion(idopcion, idproyecto, opcion, formulario, imagen, idtipopantalla, habilitar, nuevapestana, idmenucategoriaproceso) VALUES (1536, 1, 'Recepción de Cajón en Descongelado', '/produccion/DescongeladoDetalleIngresoCajon.zul', null, null, 't', 'f', 1);
INSERT INTO nw.public.opcion(idopcion, idproyecto, opcion, formulario, imagen, idtipopantalla, habilitar, nuevapestana, idmenucategoriaproceso) VALUES (1537, 1, 'Ingreso de Cajón a Descongelación', '/produccion/DescongeladoDetalleIngresoDescongelado.zul', null, null, 't', 'f', 1);
INSERT INTO nw.public.opcion(idopcion, idproyecto, opcion, formulario, imagen, idtipopantalla, habilitar, nuevapestana, idmenucategoriaproceso) VALUES (1538, 1, 'Salida de Cajón de Descongelación', '/produccion/DescongeladoDetalleSalidaDescongelado.zul', null, null, 't', 'f', 1);
INSERT INTO nw.public.opcion(idopcion, idproyecto, opcion, formulario, imagen, idtipopantalla, habilitar, nuevapestana, idmenucategoriaproceso) VALUES (1539, 1, 'Revolteo de Cajón Descongelación', '/produccion/DescongeladoDetalleRevolteoCajon.zul', null, null, 't', 'f', 1);
INSERT INTO nw.public.opcion(idopcion, idproyecto, opcion, formulario, imagen, idtipopantalla, habilitar, nuevapestana, idmenucategoriaproceso) VALUES (1540, 1, 'Temperaturas de Cajones Descongelación', '/produccion/DescongeladoTemperatura.zul', null, null, 't', 'f', 1);
INSERT INTO nw.public.opcion(idopcion, idproyecto, opcion, formulario, imagen, idtipopantalla, habilitar, nuevapestana, idmenucategoriaproceso) VALUES (1541, 1, 'Impresión Temperatura de Cajones Descongelación', '/produccion/reporteTemperaturaDescongelado.zul', null, null, 't', 'f', 1);
INSERT INTO nw.public.opcion(idopcion, idproyecto, opcion, formulario, imagen, idtipopantalla, habilitar, nuevapestana, idmenucategoriaproceso) VALUES (1542, 1, 'Registro de Coches Eviscerado', '/produccion/EvisceradoDetalleProcesoCoche3.zul', null, null, 't', 'f', 4);
INSERT INTO nw.public.opcion(idopcion, idproyecto, opcion, formulario, imagen, idtipopantalla, habilitar, nuevapestana, idmenucategoriaproceso) VALUES (1543, 1, 'Reportes Eviscerado', '/produccion/ReporteRegistroCoches.zul', null, null, 't', 'f', 5);
INSERT INTO nw.public.opcion(idopcion, idproyecto, opcion, formulario, imagen, idtipopantalla, habilitar, nuevapestana, idmenucategoriaproceso) VALUES (1544, 1, 'Lote Apertura-Cierre Eviscerado', '/produccion/AperturaCierreProcesoLote.zul', null, null, 't', 'f', 30);
INSERT INTO nw.public.opcion(idopcion, idproyecto, opcion, formulario, imagen, idtipopantalla, habilitar, nuevapestana, idmenucategoriaproceso) VALUES (1545, 1, 'Proceso Apertura-Cierre Eviscerado', '/produccion/AperturaCierreProcesoEviscerado.zul', null, null, 't', 'f', 30);
INSERT INTO nw.public.opcion(idopcion, idproyecto, opcion, formulario, imagen, idtipopantalla, habilitar, nuevapestana, idmenucategoriaproceso) VALUES (1546, 1, 'Registro de Coches Cocción-Rociado', '/produccion/CoccionDetalleProcesoCoches.zul', null, null, 't', 'f', 4);
INSERT INTO nw.public.opcion(idopcion, idproyecto, opcion, formulario, imagen, idtipopantalla, habilitar, nuevapestana, idmenucategoriaproceso) VALUES (1547, 1, 'Registro Temperaturas Coches Cocción', '/produccion/CoccionDetalleProcesoTemperaturaCoccion.zul', null, null, 't', 'f', 4);
INSERT INTO nw.public.opcion(idopcion, idproyecto, opcion, formulario, imagen, idtipopantalla, habilitar, nuevapestana, idmenucategoriaproceso) VALUES (1548, 1, 'Tara de Coches Eviscerado', '/produccion/TaraCoches.zul', null, null, 't', 'f', 4);
INSERT INTO nw.public.opcion(idopcion, idproyecto, opcion, formulario, imagen, idtipopantalla, habilitar, nuevapestana, idmenucategoriaproceso) VALUES (1549, 1, 'Reportes de Eviscerado', '/produccion/CocinaRociadoImpresion.zul', null, null, 't', 'f', 5);
INSERT INTO nw.public.opcion(idopcion, idproyecto, opcion, formulario, imagen, idtipopantalla, habilitar, nuevapestana, idmenucategoriaproceso) VALUES (1550, 1, 'Reporte de Mermas Cocción-Rociado', '/produccion/CocinaRociadoMermaImpresion.zul', null, null, 't', 'f', 5);
INSERT INTO nw.public.opcion(idopcion, idproyecto, opcion, formulario, imagen, idtipopantalla, habilitar, nuevapestana, idmenucategoriaproceso) VALUES (1551, 1, 'Ingreso de Cajones en Cámara', '/produccion/CamaraAsignacion.zul', null, null, 'f', 'f', null);
INSERT INTO nw.public.opcion(idopcion, idproyecto, opcion, formulario, imagen, idtipopantalla, habilitar, nuevapestana, idmenucategoriaproceso) VALUES (1552, 1, 'Movimientos de Cajones en Cámara', '/produccion/CamaraMovimiento.zul', null, null, 'f', 'f', null);
INSERT INTO nw.public.opcion(idopcion, idproyecto, opcion, formulario, imagen, idtipopantalla, habilitar, nuevapestana, idmenucategoriaproceso) VALUES (1553, 1, 'Reporte Ubicación de Cajones por Cámara', '/produccion/CamaraCajonUbicacionImpresion.zul', null, null, 't', 'f', 49);
INSERT INTO nw.public.opcion(idopcion, idproyecto, opcion, formulario, imagen, idtipopantalla, habilitar, nuevapestana, idmenucategoriaproceso) VALUES (1554, 1, 'Reporte Movimientos de Cajones por Cámara', '/produccion/CamaraCajonUbicacionMovimientoImpresion.zul', null, null, 't', 'f', 49);
INSERT INTO nw.public.opcion(idopcion, idproyecto, opcion, formulario, imagen, idtipopantalla, habilitar, nuevapestana, idmenucategoriaproceso) VALUES (1555, 1, 'Reporte Cajones Descargados por Barco', '/produccion/RegistroCajonesDescargaImpresion.zul', null, null, 't', 'f', 44);
INSERT INTO nw.public.opcion(idopcion, idproyecto, opcion, formulario, imagen, idtipopantalla, habilitar, nuevapestana, idmenucategoriaproceso) VALUES (1556, 1, 'Apertura-Cierre Proceso Descongelado', '/produccion/DescongeladoAperturaCierreProceso.zul', null, null, 't', 'f', 32);
INSERT INTO nw.public.opcion(idopcion, idproyecto, opcion, formulario, imagen, idtipopantalla, habilitar, nuevapestana, idmenucategoriaproceso) VALUES (1557, 1, 'Consultar Ubicación de Cajón', '/produccion/CamaraConsultaMovimiento.zul', null, null, 't', 'f', 49);
INSERT INTO nw.public.opcion(idopcion, idproyecto, opcion, formulario, imagen, idtipopantalla, habilitar, nuevapestana, idmenucategoriaproceso) VALUES (1558, 1, 'Reporte de Carga de Lotes', '/produccion/ProduccionReporteCargadeArchivos.zul', null, null, 't', 'f', 26);
INSERT INTO nw.public.opcion(idopcion, idproyecto, opcion, formulario, imagen, idtipopantalla, habilitar, nuevapestana, idmenucategoriaproceso) VALUES (1559, 1, 'Anulación de Lotes', '/produccion/LoteAnulacion.zul', null, null, 'f', 'f', null);
INSERT INTO nw.public.opcion(idopcion, idproyecto, opcion, formulario, imagen, idtipopantalla, habilitar, nuevapestana, idmenucategoriaproceso) VALUES (1560, 1, 'Simulación Pesos Líneas', '/produccion/LimpiezaDetalleProcesoBandejaSimulacion.zul', null, null, 't', 'f', 10);
INSERT INTO nw.public.opcion(idopcion, idproyecto, opcion, formulario, imagen, idtipopantalla, habilitar, nuevapestana, idmenucategoriaproceso) VALUES (1561, 1, 'Descongelado Pesos Cajones', '/produccion/DescongeladoImpresionCajonesContraloria.zul', null, null, 't', 'f', 2);
INSERT INTO nw.public.opcion(idopcion, idproyecto, opcion, formulario, imagen, idtipopantalla, habilitar, nuevapestana, idmenucategoriaproceso) VALUES (1562, 1, 'Limpieza Asignar Canastilla', '/produccion/LimpiezaPilotoAsignaCanastilla.zul', null, null, 't', 'f', 10);
INSERT INTO nw.public.opcion(idopcion, idproyecto, opcion, formulario, imagen, idtipopantalla, habilitar, nuevapestana, idmenucategoriaproceso) VALUES (1563, 1, 'Limpieza Asignación Coche', '/produccion/LimpiezaAsignacionCocheP1.zul', null, null, 't', 'f', 10);
INSERT INTO nw.public.opcion(idopcion, idproyecto, opcion, formulario, imagen, idtipopantalla, habilitar, nuevapestana, idmenucategoriaproceso) VALUES (1564, 1, 'Limpieza Peso Despellejado', '/produccion/LimpiezaPilotoPesoDespellejado.zul', null, null, 't', 'f', 10);
INSERT INTO nw.public.opcion(idopcion, idproyecto, opcion, formulario, imagen, idtipopantalla, habilitar, nuevapestana, idmenucategoriaproceso) VALUES (1565, 1, 'Limpieza Captura Tara', '/produccion/LimpiezaCapturaTara.zul', null, null, 't', 'f', 10);
INSERT INTO nw.public.opcion(idopcion, idproyecto, opcion, formulario, imagen, idtipopantalla, habilitar, nuevapestana, idmenucategoriaproceso) VALUES (1566, 1, 'Traslado de Lotes', '/produccion/CarryOver.zul', null, null, 't', 'f', 32);
INSERT INTO nw.public.opcion(idopcion, idproyecto, opcion, formulario, imagen, idtipopantalla, habilitar, nuevapestana, idmenucategoriaproceso) VALUES (1567, 1, 'Reporte de Descongelado', '/produccion/DescongeladoImpresionTemperatura.zul', null, null, 't', 'f', 2);
INSERT INTO nw.public.opcion(idopcion, idproyecto, opcion, formulario, imagen, idtipopantalla, habilitar, nuevapestana, idmenucategoriaproceso) VALUES (1568, 1, 'Reimpresión Etiquetas Preproceso', '/produccion/EvisceradoDetalleProcesoCocheReeimpresion.zul', null, null, 't', 'f', 30);
INSERT INTO nw.public.opcion(idopcion, idproyecto, opcion, formulario, imagen, idtipopantalla, habilitar, nuevapestana, idmenucategoriaproceso) VALUES (1569, 1, 'Devolución de Cajones a Cámara', '/produccion/DescongeladoDevolucionCajon.zul', null, null, 't', 'f', 30);
INSERT INTO nw.public.opcion(idopcion, idproyecto, opcion, formulario, imagen, idtipopantalla, habilitar, nuevapestana, idmenucategoriaproceso) VALUES (1570, 1, 'Reporte de Barcos Descargados Cámara', '/produccion/CamaraHistorialBarcosDescargados.zul', null, null, 't', 'f', 49);
INSERT INTO nw.public.opcion(idopcion, idproyecto, opcion, formulario, imagen, idtipopantalla, habilitar, nuevapestana, idmenucategoriaproceso) VALUES (1571, 1, 'Creación/Matenimiento de Barco', '/produccion/BarcoCreacion.zul', null, null, 't', 'f', 51);
INSERT INTO nw.public.opcion(idopcion, idproyecto, opcion, formulario, imagen, idtipopantalla, habilitar, nuevapestana, idmenucategoriaproceso) VALUES (1572, 1, 'Creación/Mantenimiento de Cubas de Barcos', '/produccion/BarcoCuba.zul', null, null, 't', 'f', 50);
INSERT INTO nw.public.opcion(idopcion, idproyecto, opcion, formulario, imagen, idtipopantalla, habilitar, nuevapestana, idmenucategoriaproceso) VALUES (1573, 1, 'Creación/Mantenimiento de Cuba', '/produccion/CubaCreacion.zul', null, null, 't', 'f', 50);
INSERT INTO nw.public.opcion(idopcion, idproyecto, opcion, formulario, imagen, idtipopantalla, habilitar, nuevapestana, idmenucategoriaproceso) VALUES (1574, 1, 'Mantenimiento Barcos en Descarga', '/produccion/BarcoDescargaActulizar.zul', null, null, 't', 'f', 50);
INSERT INTO nw.public.opcion(idopcion, idproyecto, opcion, formulario, imagen, idtipopantalla, habilitar, nuevapestana, idmenucategoriaproceso) VALUES (1575, 1, 'Consulta Barcos en Descarga', '/produccion/BarcoDescarga.zul', null, null, 't', 'f', 49);
INSERT INTO nw.public.opcion(idopcion, idproyecto, opcion, formulario, imagen, idtipopantalla, habilitar, nuevapestana, idmenucategoriaproceso) VALUES (1576, 1, 'Mantenimiento Temperatura Salida Descongelado', '/produccion/DescongeladoTemperaturaMantenimiento.zul', null, null, 't', 'f', 3);
INSERT INTO nw.public.opcion(idopcion, idproyecto, opcion, formulario, imagen, idtipopantalla, habilitar, nuevapestana, idmenucategoriaproceso) VALUES (1577, 1, 'Mantenimiento de Cajones en Cámara', '/produccion/CamaraCajonBarcoDescargaMantenimiento.zul', null, null, 't', 'f', 50);
INSERT INTO nw.public.opcion(idopcion, idproyecto, opcion, formulario, imagen, idtipopantalla, habilitar, nuevapestana, idmenucategoriaproceso) VALUES (1578, 1, 'Apertura Cierre Cocinas', '/produccion/CocinaAperturaCierreDetalle.zul', null, null, 't', 'f', 30);
INSERT INTO nw.public.opcion(idopcion, idproyecto, opcion, formulario, imagen, idtipopantalla, habilitar, nuevapestana, idmenucategoriaproceso) VALUES (1579, 1, 'Traslado de Coches a Cocinas', '/produccion/CocinaTrasladoCoche.zul', null, null, 't', 'f', 30);
INSERT INTO nw.public.opcion(idopcion, idproyecto, opcion, formulario, imagen, idtipopantalla, habilitar, nuevapestana, idmenucategoriaproceso) VALUES (1580, 1, 'Registro de Bandejas Nuevo', '/produccion/LimpiezaDetalleProcesoBandejaSimulacionRallado.zul', null, null, 't', 'f', 10);
INSERT INTO nw.public.opcion(idopcion, idproyecto, opcion, formulario, imagen, idtipopantalla, habilitar, nuevapestana, idmenucategoriaproceso) VALUES (1581, 1, 'Cierre de Coches Sin Uso', '/produccion/EvisceradoDetalleProcesoCocheCerrar.zul', null, null, 't', 'f', 31);
INSERT INTO nw.public.opcion(idopcion, idproyecto, opcion, formulario, imagen, idtipopantalla, habilitar, nuevapestana, idmenucategoriaproceso) VALUES (1582, 1, 'Simulación Linea 1 (Rallado)', '/produccion/LimpiezaDetalleProcesoBandejaSimulacionRallado.zul', null, null, 't', 'f', 10);
INSERT INTO nw.public.opcion(idopcion, idproyecto, opcion, formulario, imagen, idtipopantalla, habilitar, nuevapestana, idmenucategoriaproceso) VALUES (1583, 1, 'Traslado de Cajones', '/produccion/LoteCajonTraslado.zul', null, null, 't', 'f', 32);
INSERT INTO nw.public.opcion(idopcion, idproyecto, opcion, formulario, imagen, idtipopantalla, habilitar, nuevapestana, idmenucategoriaproceso) VALUES (1584, 1, 'Reporte Cajones x Lote', '/produccion/LoteCajonImpresion.zul', null, null, 't', 'f', 26);
INSERT INTO nw.public.opcion(idopcion, idproyecto, opcion, formulario, imagen, idtipopantalla, habilitar, nuevapestana, idmenucategoriaproceso) VALUES (1585, 1, 'Reportes Preproceso', '/produccion/EvisceradoReporteRegistroCoches.zul', null, null, 't', 'f', 5);
INSERT INTO nw.public.opcion(idopcion, idproyecto, opcion, formulario, imagen, idtipopantalla, habilitar, nuevapestana, idmenucategoriaproceso) VALUES (1586, 1, 'Reportes Descongelado II', '/produccion/DescongeladoReporteTemperatura.zul', null, null, 't', 'f', 5);
INSERT INTO nw.public.opcion(idopcion, idproyecto, opcion, formulario, imagen, idtipopantalla, habilitar, nuevapestana, idmenucategoriaproceso) VALUES (1587, 1, 'Carga de Archivo de Nómina', '/produccion/EmpleadoCargaExcel.zul', null, null, 't', 'f', 55);
INSERT INTO nw.public.opcion(idopcion, idproyecto, opcion, formulario, imagen, idtipopantalla, habilitar, nuevapestana, idmenucategoriaproceso) VALUES (1588, 1, 'Reporte Descongelado para Cámara', '/produccion/DescongeladoReporteCamara.zul', null, null, 't', 'f', 2);
INSERT INTO nw.public.opcion(idopcion, idproyecto, opcion, formulario, imagen, idtipopantalla, habilitar, nuevapestana, idmenucategoriaproceso) VALUES (1589, 1, 'Simulación Rallado 2', '/produccion/LimpiezaDetalleProcesoBandejaSimulacionRalladoFinal.zul', null, null, 't', 'f', 10);
INSERT INTO nw.public.opcion(idopcion, idproyecto, opcion, formulario, imagen, idtipopantalla, habilitar, nuevapestana, idmenucategoriaproceso) VALUES (1590, 1, 'Ponchadas Fileteado', '/produccion/LimpiezaFileteadoPonchada.zul', null, null, 't', 'f', 10);
INSERT INTO nw.public.opcion(idopcion, idproyecto, opcion, formulario, imagen, idtipopantalla, habilitar, nuevapestana, idmenucategoriaproceso) VALUES (1591, 1, 'Ponchadas Despellejado', '/produccion/LimpiezaDespellejadoPonchada.zul', null, null, 't', 'f', 10);
INSERT INTO nw.public.opcion(idopcion, idproyecto, opcion, formulario, imagen, idtipopantalla, habilitar, nuevapestana, idmenucategoriaproceso) VALUES (1592, 1, 'Consulta de Ubicacion de Cajones', '/produccion/DescongeladoConsultaUbicacionCajon.zul', null, null, 't', 'f', 49);
INSERT INTO nw.public.opcion(idopcion, idproyecto, opcion, formulario, imagen, idtipopantalla, habilitar, nuevapestana, idmenucategoriaproceso) VALUES (1593, 1, 'Eficiencia de empleado por Líneas', '/produccion/LimpiezaReporteEmpleadosEficiencia.zul', null, null, 't', 'f', 11);
INSERT INTO nw.public.opcion(idopcion, idproyecto, opcion, formulario, imagen, idtipopantalla, habilitar, nuevapestana, idmenucategoriaproceso) VALUES (1594, 1, 'Consulta de Pedidos y Lotes', '/produccion/ProduccionConsultaPedidosLotes.zul', null, null, 't', 'f', 26);
INSERT INTO nw.public.opcion(idopcion, idproyecto, opcion, formulario, imagen, idtipopantalla, habilitar, nuevapestana, idmenucategoriaproceso) VALUES (1595, 1, 'Piloto Peso Despellejado', '/produccion/LimpiezaPilotoPesoDespellejadoTemporal.zul', null, null, 't', 'f', 10);
INSERT INTO nw.public.opcion(idopcion, idproyecto, opcion, formulario, imagen, idtipopantalla, habilitar, nuevapestana, idmenucategoriaproceso) VALUES (1596, 1, 'Reporte de Ponchadas', '/produccion/LimpiezaReportePonchadas.zul', null, null, 't', 'f', 11);
INSERT INTO nw.public.opcion(idopcion, idproyecto, opcion, formulario, imagen, idtipopantalla, habilitar, nuevapestana, idmenucategoriaproceso) VALUES (1597, 1, 'Eficiencia de empleado por Líneas (Ultima Versión)', '/produccion/LimpiezaReporteEficienciaEmpleados.zul', null, null, 't', 'f', 11);
INSERT INTO nw.public.opcion(idopcion, idproyecto, opcion, formulario, imagen, idtipopantalla, habilitar, nuevapestana, idmenucategoriaproceso) VALUES (1598, 1, 'Calidad Clasificación Tallas', '/produccion/CalidadEspecieTallaCajonDescarga.zul', null, null, 't', 'f', 44);
INSERT INTO nw.public.opcion(idopcion, idproyecto, opcion, formulario, imagen, idtipopantalla, habilitar, nuevapestana, idmenucategoriaproceso) VALUES (1599, 1, 'Calidad Temperatura Cajones', '/produccion/CalidadTemperaturaCajonBanda.zul', null, null, 't', 'f', 44);
INSERT INTO nw.public.opcion(idopcion, idproyecto, opcion, formulario, imagen, idtipopantalla, habilitar, nuevapestana, idmenucategoriaproceso) VALUES (1600, 1, 'Calidad Remuestreo PCC1', '/produccion/CalidadRemuestreoPCC1Cajon.zul', null, null, 't', 'f', 44);
INSERT INTO nw.public.opcion(idopcion, idproyecto, opcion, formulario, imagen, idtipopantalla, habilitar, nuevapestana, idmenucategoriaproceso) VALUES (1601, 1, 'Calidad Temp Muestra Descongelado', '/produccion/CalidadDescongeladoTemperatura.zul', null, null, 't', 'f', 1);
INSERT INTO nw.public.opcion(idopcion, idproyecto, opcion, formulario, imagen, idtipopantalla, habilitar, nuevapestana, idmenucategoriaproceso) VALUES (1602, 1, 'Calidad Temp Agua Descongelado', '/produccion/CalidadDescongeladoTemperaturaAgua.zul', null, null, 't', 'f', 1);
INSERT INTO nw.public.opcion(idopcion, idproyecto, opcion, formulario, imagen, idtipopantalla, habilitar, nuevapestana, idmenucategoriaproceso) VALUES (1603, 1, 'Calidad Remuestreo Laboratorio (No se usa)', '/produccion/CalidadRemuestreoPCC1Analisis.zul', null, null, 'f', 'f', null);
INSERT INTO nw.public.opcion(idopcion, idproyecto, opcion, formulario, imagen, idtipopantalla, habilitar, nuevapestana, idmenucategoriaproceso) VALUES (1604, 1, 'Calidad Reporte Remuestreo', '/produccion/CalidadRemuestreoCajonImpresion.zul', null, null, 't', 'f', 45);
INSERT INTO nw.public.opcion(idopcion, idproyecto, opcion, formulario, imagen, idtipopantalla, habilitar, nuevapestana, idmenucategoriaproceso) VALUES (1605, 1, 'QAR_Recep.Atún Verif.Tallas V_2', '/produccion/CalidadEspecieTallaCajonDescargaImpresion.zul', null, null, 't', 'f', 45);
INSERT INTO nw.public.opcion(idopcion, idproyecto, opcion, formulario, imagen, idtipopantalla, habilitar, nuevapestana, idmenucategoriaproceso) VALUES (1606, 1, 'QAR_Recep.Atún Temp.Cajones V_2', '/produccion/CalidadTemperaturaCajonbandaImpresion.zul', null, null, 't', 'f', 45);
INSERT INTO nw.public.opcion(idopcion, idproyecto, opcion, formulario, imagen, idtipopantalla, habilitar, nuevapestana, idmenucategoriaproceso) VALUES (1607, 1, 'Carga Temporal de Cajones', '/produccion/CamaraCajonCargaExcel.zul', null, null, 't', 'f', 51);
INSERT INTO nw.public.opcion(idopcion, idproyecto, opcion, formulario, imagen, idtipopantalla, habilitar, nuevapestana, idmenucategoriaproceso) VALUES (1608, 1, 'Subir Excel de Posiciones en Cámara', '/produccion/CamaraCajonCargaUbicacionExcel.zul', null, null, 't', 'f', 51);
INSERT INTO nw.public.opcion(idopcion, idproyecto, opcion, formulario, imagen, idtipopantalla, habilitar, nuevapestana, idmenucategoriaproceso) VALUES (1609, 1, 'Reporte Movimientos por Cajón', '/produccion/CamaraMovimientoporCajonImpresion.zul', null, null, 't', 'f', 49);
INSERT INTO nw.public.opcion(idopcion, idproyecto, opcion, formulario, imagen, idtipopantalla, habilitar, nuevapestana, idmenucategoriaproceso) VALUES (1610, 1, 'Consulta de Cajones en Cámara', '/produccion/CamaraFilaColumnaMovimiento.zul', null, null, 't', 'f', 49);
INSERT INTO nw.public.opcion(idopcion, idproyecto, opcion, formulario, imagen, idtipopantalla, habilitar, nuevapestana, idmenucategoriaproceso) VALUES (1611, 1, 'Piloto Pesaje Bandejas Fichas Nuevas_old', '/produccion/LimpiezaDetalleProcesoBandejaLineaPilotoNuevaFicha.zul_old', null, null, 't', 'f', 10);
INSERT INTO nw.public.opcion(idopcion, idproyecto, opcion, formulario, imagen, idtipopantalla, habilitar, nuevapestana, idmenucategoriaproceso) VALUES (1612, 1, 'Piloto Asignación de Fichas Nuevas_old', '/produccion/LimpiezaProcesoAsignacionEmpleado.zul', null, null, 't', 'f', 31);
INSERT INTO nw.public.opcion(idopcion, idproyecto, opcion, formulario, imagen, idtipopantalla, habilitar, nuevapestana, idmenucategoriaproceso) VALUES (1613, 1, 'Piloto Consulta Empleado x Código_old', '/produccion/LimpiezaConsultaEmpleadoCodigo.zul', null, null, 't', 'f', 11);
INSERT INTO nw.public.opcion(idopcion, idproyecto, opcion, formulario, imagen, idtipopantalla, habilitar, nuevapestana, idmenucategoriaproceso) VALUES (1614, 1, 'Piloto Consulta Empleado por Tarjeta_old', '/produccion/LimpiezaConsultaEmpleadoTarjeta.zul', null, null, 't', 'f', 11);
INSERT INTO nw.public.opcion(idopcion, idproyecto, opcion, formulario, imagen, idtipopantalla, habilitar, nuevapestana, idmenucategoriaproceso) VALUES (1615, 1, 'Piloto Consulta de Empleados x Línea_old', '/produccion/LimpiezaConsultaEmpleadosLinea.zul', null, null, 't', 'f', 11);
INSERT INTO nw.public.opcion(idopcion, idproyecto, opcion, formulario, imagen, idtipopantalla, habilitar, nuevapestana, idmenucategoriaproceso) VALUES (1676, 1, 'Cerrar Comprobante', '/produccion/HarinaCerrarComprobantes.zul', null, null, 't', 'f', 29);
INSERT INTO nw.public.opcion(idopcion, idproyecto, opcion, formulario, imagen, idtipopantalla, habilitar, nuevapestana, idmenucategoriaproceso) VALUES (1616, 1, 'Piloto Peso Despellejado Nueva Ficha', '/produccion/LimpiezaPesajeDespellejadoNuevasFichas.zul', null, null, 't', 'f', 10);
INSERT INTO nw.public.opcion(idopcion, idproyecto, opcion, formulario, imagen, idtipopantalla, habilitar, nuevapestana, idmenucategoriaproceso) VALUES (1617, 1, 'Reporte de Ubicaciones disponibles por Cámara', '/produccion/CamaraDisponibilidadUbicacionesImpresion.zul', null, null, 't', 'f', 11);
INSERT INTO nw.public.opcion(idopcion, idproyecto, opcion, formulario, imagen, idtipopantalla, habilitar, nuevapestana, idmenucategoriaproceso) VALUES (1618, 1, 'Pesaje Cocción Rociado Manual', '/produccion/CoccionDetalleProcesoCochesManual.zul', null, null, 't', 'f', 4);
INSERT INTO nw.public.opcion(idopcion, idproyecto, opcion, formulario, imagen, idtipopantalla, habilitar, nuevapestana, idmenucategoriaproceso) VALUES (1619, 1, 'Reportes Generales x Producción', '/produccion/ReportesPlantaxProduccion.zul', null, null, 't', 'f', 58);
INSERT INTO nw.public.opcion(idopcion, idproyecto, opcion, formulario, imagen, idtipopantalla, habilitar, nuevapestana, idmenucategoriaproceso) VALUES (1620, 1, 'Reportes Limpieza x Producción', '/produccion/ReportesLineasxProduccion.zul', null, null, 't', 'f', 11);
INSERT INTO nw.public.opcion(idopcion, idproyecto, opcion, formulario, imagen, idtipopantalla, habilitar, nuevapestana, idmenucategoriaproceso) VALUES (1621, 1, 'Calidad Temperatura Coche', '/produccion/CalidadMuestreoTemperaturaCoccion.zul', null, null, 't', 'f', 4);
INSERT INTO nw.public.opcion(idopcion, idproyecto, opcion, formulario, imagen, idtipopantalla, habilitar, nuevapestana, idmenucategoriaproceso) VALUES (1622, 1, 'Calidad Muestras Coche', '/produccion/CalidadMuestreoCocina.zul', null, null, 't', 'f', 4);
INSERT INTO nw.public.opcion(idopcion, idproyecto, opcion, formulario, imagen, idtipopantalla, habilitar, nuevapestana, idmenucategoriaproceso) VALUES (1623, 1, 'Reportes Limpieza x Línea', '/produccion/LimpiezaReportesxLinea.zul', null, null, 't', 'f', 11);
INSERT INTO nw.public.opcion(idopcion, idproyecto, opcion, formulario, imagen, idtipopantalla, habilitar, nuevapestana, idmenucategoriaproceso) VALUES (1624, 1, 'Consulta de Coche', '/produccion/ConsultaCoches.zul', null, null, 't', 'f', 58);
INSERT INTO nw.public.opcion(idopcion, idproyecto, opcion, formulario, imagen, idtipopantalla, habilitar, nuevapestana, idmenucategoriaproceso) VALUES (1625, 1, 'Calidad Muestra - Lotes Preproceso', '/produccion/CalidadMuestreoCocinaLaboratorio.zul', null, null, 't', 'f', 4);
INSERT INTO nw.public.opcion(idopcion, idproyecto, opcion, formulario, imagen, idtipopantalla, habilitar, nuevapestana, idmenucategoriaproceso) VALUES (1626, 1, 'Mantenimiento Coches Eviscerado', '/produccion/EvisceradoCocheMantenimientoV2.zul', null, null, 't', 'f', 30);
INSERT INTO nw.public.opcion(idopcion, idproyecto, opcion, formulario, imagen, idtipopantalla, habilitar, nuevapestana, idmenucategoriaproceso) VALUES (1627, 1, 'Mantenimiento Coches Cocción-Rociado', '/produccion/CoccionRociadoCocheMantenimiento.zul', null, null, 't', 'f', 6);
INSERT INTO nw.public.opcion(idopcion, idproyecto, opcion, formulario, imagen, idtipopantalla, habilitar, nuevapestana, idmenucategoriaproceso) VALUES (1628, 1, 'Mantenimiento Coches Limpieza', '/produccion/LimpiezaAsignacionMantenimientoV2.zul', null, null, 't', 'f', 12);
INSERT INTO nw.public.opcion(idopcion, idproyecto, opcion, formulario, imagen, idtipopantalla, habilitar, nuevapestana, idmenucategoriaproceso) VALUES (1629, 1, 'Reporte C. Calidad Preproceso', '/produccion/EvisceradoControlCalidadImpresion.zul', null, null, 't', 'f', 5);
INSERT INTO nw.public.opcion(idopcion, idproyecto, opcion, formulario, imagen, idtipopantalla, habilitar, nuevapestana, idmenucategoriaproceso) VALUES (1630, 1, 'Consulta de Cocinadas', '/produccion/CocinaConsultaCocinada.zul', null, null, 't', 'f', 5);
INSERT INTO nw.public.opcion(idopcion, idproyecto, opcion, formulario, imagen, idtipopantalla, habilitar, nuevapestana, idmenucategoriaproceso) VALUES (1631, 1, 'Mantenimiento Apertura Lotes Limpieza', '/produccion/MantenimientoAperturaLotesLimpieza.zul', null, null, 't', 'f', 12);
INSERT INTO nw.public.opcion(idopcion, idproyecto, opcion, formulario, imagen, idtipopantalla, habilitar, nuevapestana, idmenucategoriaproceso) VALUES (1632, 1, 'Calidad Muestreo Temperatura Limpieza', '/produccion/CalidadMuestreoTemperaturaLimpieza.zul', null, null, 't', 'f', 10);
INSERT INTO nw.public.opcion(idopcion, idproyecto, opcion, formulario, imagen, idtipopantalla, habilitar, nuevapestana, idmenucategoriaproceso) VALUES (1633, 1, 'QAA_Recep.Atún Result. Hist-Sal', '/produccion/CalidadPCC1QuimicoAnalisisSalNormal.zul', null, null, 't', 'f', 44);
INSERT INTO nw.public.opcion(idopcion, idproyecto, opcion, formulario, imagen, idtipopantalla, habilitar, nuevapestana, idmenucategoriaproceso) VALUES (1634, 1, 'Asignación Coche LN', '/produccion/LimpiezaAsignacionCocheP2.zul', null, null, 't', 'f', 10);
INSERT INTO nw.public.opcion(idopcion, idproyecto, opcion, formulario, imagen, idtipopantalla, habilitar, nuevapestana, idmenucategoriaproceso) VALUES (1635, 1, 'Mantenimiento Subproductos Eviscerado', '/produccion/EvisceradoSubproductoMantenimiento.zul', null, null, 't', 'f', 6);
INSERT INTO nw.public.opcion(idopcion, idproyecto, opcion, formulario, imagen, idtipopantalla, habilitar, nuevapestana, idmenucategoriaproceso) VALUES (1636, 1, 'Coches Limpieza en Vivo', '/produccion/LimpiezaConsultaAsignacionCoche.zul', null, null, 't', 'f', 11);
INSERT INTO nw.public.opcion(idopcion, idproyecto, opcion, formulario, imagen, idtipopantalla, habilitar, nuevapestana, idmenucategoriaproceso) VALUES (1637, 1, 'Calidad Muestreos y Temperatura Coches Cocina', '/produccion/CalidadMuestreosyTemperaturaCoccion.zul', null, null, 't', 'f', 4);
INSERT INTO nw.public.opcion(idopcion, idproyecto, opcion, formulario, imagen, idtipopantalla, habilitar, nuevapestana, idmenucategoriaproceso) VALUES (1638, 1, 'Calidad Muestreo Temperatura Eviscerado', '/produccion/CalidadMuestreoTemperaturaCochesEviscerado.zul', null, null, 't', 'f', 4);
INSERT INTO nw.public.opcion(idopcion, idproyecto, opcion, formulario, imagen, idtipopantalla, habilitar, nuevapestana, idmenucategoriaproceso) VALUES (1639, 1, 'Calidad Muestreo Temperatura Panzas', '/produccion/CalidadMuestreoTemperaturaPanzasEviscerado.zul', null, null, 't', 'f', 4);
INSERT INTO nw.public.opcion(idopcion, idproyecto, opcion, formulario, imagen, idtipopantalla, habilitar, nuevapestana, idmenucategoriaproceso) VALUES (1640, 1, 'Consulta de Cocinadas x Fecha', '/produccion/CocinaConsultaCocinadaxFecha.zul', null, null, 't', 'f', 5);
INSERT INTO nw.public.opcion(idopcion, idproyecto, opcion, formulario, imagen, idtipopantalla, habilitar, nuevapestana, idmenucategoriaproceso) VALUES (1641, 1, 'Calidad Clasificación Tallas Mantenimiento', '/produccion/CalidadEspecieTallaCajonDescargaMantenimiento.zul', null, null, 't', 'f', 46);
INSERT INTO nw.public.opcion(idopcion, idproyecto, opcion, formulario, imagen, idtipopantalla, habilitar, nuevapestana, idmenucategoriaproceso) VALUES (1642, 1, 'QAC_Corrección A.Químico Lotes Preproceso', '/produccion/CalidadMuestreosyTemperaturaCoccionContingencia.zul', null, null, 't', 'f', 6);
INSERT INTO nw.public.opcion(idopcion, idproyecto, opcion, formulario, imagen, idtipopantalla, habilitar, nuevapestana, idmenucategoriaproceso) VALUES (1643, 1, 'Calidad Temperatura en Cocinas Mantenimiento (Descontinuado)', '/produccion/CalidadTemperaturaCoccionContingencia.zul', null, null, 't', 'f', 6);
INSERT INTO nw.public.opcion(idopcion, idproyecto, opcion, formulario, imagen, idtipopantalla, habilitar, nuevapestana, idmenucategoriaproceso) VALUES (1644, 1, 'Temperatura Ingreso Descongelado', '/produccion/DescongeladoTemperaturaIngreso.zul', null, null, 't', 'f', 1);
INSERT INTO nw.public.opcion(idopcion, idproyecto, opcion, formulario, imagen, idtipopantalla, habilitar, nuevapestana, idmenucategoriaproceso) VALUES (1645, 1, 'Control de Cocinadas MANUAL', '/produccion/CocinasProcesoControl.zul', null, null, 't', 'f', 4);
INSERT INTO nw.public.opcion(idopcion, idproyecto, opcion, formulario, imagen, idtipopantalla, habilitar, nuevapestana, idmenucategoriaproceso) VALUES (1646, 1, 'Consulta de Control de Cocinadas', '/produccion/CocinasProcesoControlConsulta.zul', null, null, 't', 'f', 5);
INSERT INTO nw.public.opcion(idopcion, idproyecto, opcion, formulario, imagen, idtipopantalla, habilitar, nuevapestana, idmenucategoriaproceso) VALUES (1647, 1, 'Ponchadas Código Empleado', '/produccion/LimpiezaPonchadaCodigo.zul', null, null, 't', 'f', 10);
INSERT INTO nw.public.opcion(idopcion, idproyecto, opcion, formulario, imagen, idtipopantalla, habilitar, nuevapestana, idmenucategoriaproceso) VALUES (1648, 1, 'Asignación Empleado Código', '/produccion/LimpiezaProcesoAsignacionEmpleadoCodigo.zul', null, null, 't', 'f', 31);
INSERT INTO nw.public.opcion(idopcion, idproyecto, opcion, formulario, imagen, idtipopantalla, habilitar, nuevapestana, idmenucategoriaproceso) VALUES (1649, 1, 'Temperatura Eviscerado', '/produccion/EvisceradoMuestreoTemperatura.zul', null, null, 't', 'f', 4);
INSERT INTO nw.public.opcion(idopcion, idproyecto, opcion, formulario, imagen, idtipopantalla, habilitar, nuevapestana, idmenucategoriaproceso) VALUES (1650, 1, 'Temperatura Salida Cocinas', '/produccion/CoccionMuestreoTemperatura.zul', null, null, 't', 'f', 4);
INSERT INTO nw.public.opcion(idopcion, idproyecto, opcion, formulario, imagen, idtipopantalla, habilitar, nuevapestana, idmenucategoriaproceso) VALUES (1651, 1, 'Temperatura Ingreso Cocinas', '/produccion/CoccionMuestreoTemperaturaIngreso.zul', null, null, 't', 'f', 4);
INSERT INTO nw.public.opcion(idopcion, idproyecto, opcion, formulario, imagen, idtipopantalla, habilitar, nuevapestana, idmenucategoriaproceso) VALUES (1652, 1, 'Mantenimiento de Cajones Descongelado', '/produccion/DescongeladoCajonMantenimiento.zul', null, null, 't', 'f', 3);
INSERT INTO nw.public.opcion(idopcion, idproyecto, opcion, formulario, imagen, idtipopantalla, habilitar, nuevapestana, idmenucategoriaproceso) VALUES (1653, 1, 'Mantenimiento Lotes Rackeo', '/produccion/EvisceradoDetalleProcesoMantenimiento.zul', null, null, 't', 'f', 30);
INSERT INTO nw.public.opcion(idopcion, idproyecto, opcion, formulario, imagen, idtipopantalla, habilitar, nuevapestana, idmenucategoriaproceso) VALUES (1654, 1, 'Calidad BPM Clasificación', '/produccion/CalidadBPMClasificacion.zul', null, null, 't', 'f', 44);
INSERT INTO nw.public.opcion(idopcion, idproyecto, opcion, formulario, imagen, idtipopantalla, habilitar, nuevapestana, idmenucategoriaproceso) VALUES (1655, 1, 'Reporte Coches Pescado Atunera', '/produccion/CalidadReportesxProduccion.zul', null, null, 't', 'f', 58);
INSERT INTO nw.public.opcion(idopcion, idproyecto, opcion, formulario, imagen, idtipopantalla, habilitar, nuevapestana, idmenucategoriaproceso) VALUES (1656, 1, 'Control de Cocinadas AUTOMATICO', '/produccion/CocinasProcesoControlAutomatico.zul', null, null, 't', 'f', 4);
INSERT INTO nw.public.opcion(idopcion, idproyecto, opcion, formulario, imagen, idtipopantalla, habilitar, nuevapestana, idmenucategoriaproceso) VALUES (1657, 1, 'Mantenimiento Temperatura Ingreso Descongelado', '/produccion/DescongeladoTempIngresoMantenimiento.zul', null, null, 't', 'f', 3);
INSERT INTO nw.public.opcion(idopcion, idproyecto, opcion, formulario, imagen, idtipopantalla, habilitar, nuevapestana, idmenucategoriaproceso) VALUES (1658, 1, 'Asignación Empleado x Equipo', '/produccion/LimpiezaProcesoAsignacionEmpleadoGrupo.zul', null, null, 't', 'f', 31);
INSERT INTO nw.public.opcion(idopcion, idproyecto, opcion, formulario, imagen, idtipopantalla, habilitar, nuevapestana, idmenucategoriaproceso) VALUES (1659, 1, 'Consulta de Estado de Cajón', '/produccion/CamaraCajonBarcoDescargaConsultaV1.zul', null, null, 't', 'f', 49);
INSERT INTO nw.public.opcion(idopcion, idproyecto, opcion, formulario, imagen, idtipopantalla, habilitar, nuevapestana, idmenucategoriaproceso) VALUES (1660, 1, 'Control de Documentos SAP ', '/produccion/SeguridadDocumentosSAP.zul', null, null, 't', 'f', null);
INSERT INTO nw.public.opcion(idopcion, idproyecto, opcion, formulario, imagen, idtipopantalla, habilitar, nuevapestana, idmenucategoriaproceso) VALUES (1661, 1, 'Pesaje de Desperdicio x Empleado_old', '/produccion/LimpiezaDetallePesajeDesperdicio.zul', null, null, 't', 'f', 10);
INSERT INTO nw.public.opcion(idopcion, idproyecto, opcion, formulario, imagen, idtipopantalla, habilitar, nuevapestana, idmenucategoriaproceso) VALUES (1662, 1, 'Reportes Producción Procesos', '/produccion/ProcesosReportesProduccion.zul', null, null, 't', 'f', 58);
INSERT INTO nw.public.opcion(idopcion, idproyecto, opcion, formulario, imagen, idtipopantalla, habilitar, nuevapestana, idmenucategoriaproceso) VALUES (1663, 1, 'Reportes Tecnología', '/produccion/ReportesTecnologia.zul', null, null, 't', 'f', 58);
INSERT INTO nw.public.opcion(idopcion, idproyecto, opcion, formulario, imagen, idtipopantalla, habilitar, nuevapestana, idmenucategoriaproceso) VALUES (1664, 1, 'Mant. Proveedores', '/produccion/HarinaMantenimientoProveedores.zul', null, null, 't', 'f', 9);
INSERT INTO nw.public.opcion(idopcion, idproyecto, opcion, formulario, imagen, idtipopantalla, habilitar, nuevapestana, idmenucategoriaproceso) VALUES (1665, 1, 'Mant. Choferes', '/produccion/HarinaMantenimientoChoferes.zul', null, null, 't', 'f', 9);
INSERT INTO nw.public.opcion(idopcion, idproyecto, opcion, formulario, imagen, idtipopantalla, habilitar, nuevapestana, idmenucategoriaproceso) VALUES (1666, 1, 'Registro Pesos Entrada/Salida', '/produccion/HarinaMantenimientoHarinaComprobantesPesos.zul', null, null, 't', 'f', 9);
INSERT INTO nw.public.opcion(idopcion, idproyecto, opcion, formulario, imagen, idtipopantalla, habilitar, nuevapestana, idmenucategoriaproceso) VALUES (1667, 1, 'Consulta de Comprobantes', '/produccion/HarinaComprobantesConsulta.zul', null, null, 't', 'f', 8);
INSERT INTO nw.public.opcion(idopcion, idproyecto, opcion, formulario, imagen, idtipopantalla, habilitar, nuevapestana, idmenucategoriaproceso) VALUES (1668, 1, 'Mant. Traslado de Cajón', '/produccion/HarinaMantenimientoTrasladoCajones.zul', null, null, 't', 'f', 9);
INSERT INTO nw.public.opcion(idopcion, idproyecto, opcion, formulario, imagen, idtipopantalla, habilitar, nuevapestana, idmenucategoriaproceso) VALUES (1669, 1, 'Mant. Registro de Cajón', '/produccion/HarinaMantenimientoPesoCajones.zul', null, null, 't', 'f', 9);
INSERT INTO nw.public.opcion(idopcion, idproyecto, opcion, formulario, imagen, idtipopantalla, habilitar, nuevapestana, idmenucategoriaproceso) VALUES (1670, 1, 'Mant. Especie Pelágica', '/produccion/HarinaEspeciesMantenimiento.zul', null, null, 't', 'f', 9);
INSERT INTO nw.public.opcion(idopcion, idproyecto, opcion, formulario, imagen, idtipopantalla, habilitar, nuevapestana, idmenucategoriaproceso) VALUES (1671, 1, 'Mant. Recepción de  Camión', '/produccion/HarinaMantenimientoHarinaComprobantes.zul', null, null, 't', 'f', 9);
INSERT INTO nw.public.opcion(idopcion, idproyecto, opcion, formulario, imagen, idtipopantalla, habilitar, nuevapestana, idmenucategoriaproceso) VALUES (1672, 1, 'Parametrizar Captura Peso', '/produccion/HarinaHabilitarIngresoManual.zul', null, null, 't', 'f', 29);
INSERT INTO nw.public.opcion(idopcion, idproyecto, opcion, formulario, imagen, idtipopantalla, habilitar, nuevapestana, idmenucategoriaproceso) VALUES (1673, 1, 'Registro de Cajón', '/produccion/HarinaCajonCompra.zul', null, null, 't', 'f', 7);
INSERT INTO nw.public.opcion(idopcion, idproyecto, opcion, formulario, imagen, idtipopantalla, habilitar, nuevapestana, idmenucategoriaproceso) VALUES (1674, 1, 'Recepción de Camión', '/produccion/HarinaComprobanes.zul', null, null, 't', 'f', 7);
INSERT INTO nw.public.opcion(idopcion, idproyecto, opcion, formulario, imagen, idtipopantalla, habilitar, nuevapestana, idmenucategoriaproceso) VALUES (1675, 1, 'Registro Gavetas por Proteinas', '/produccion/HarinaProteinas.zul', null, null, 't', 'f', 7);
INSERT INTO nw.public.opcion(idopcion, idproyecto, opcion, formulario, imagen, idtipopantalla, habilitar, nuevapestana, idmenucategoriaproceso) VALUES (1677, 1, 'Registro de % por Especies', '/produccion/HarinaPorcentajeGavetas.zul', null, null, 't', 'f', 7);
INSERT INTO nw.public.opcion(idopcion, idproyecto, opcion, formulario, imagen, idtipopantalla, habilitar, nuevapestana, idmenucategoriaproceso) VALUES (1678, 1, 'Auditoria - Consulta de Guias', '/produccion/SeguridadDocumentosSAPAuditoria.zul', null, null, 't', 'f', null);
INSERT INTO nw.public.opcion(idopcion, idproyecto, opcion, formulario, imagen, idtipopantalla, habilitar, nuevapestana, idmenucategoriaproceso) VALUES (1679, 1, 'Reportes Haccp', '/produccion/ProcesosReportesHaccp.zul', null, null, 't', 'f', 58);
INSERT INTO nw.public.opcion(idopcion, idproyecto, opcion, formulario, imagen, idtipopantalla, habilitar, nuevapestana, idmenucategoriaproceso) VALUES (1680, 1, 'Habilitar Ingreso Manual Eviscerado', '/produccion/EvisceradoHabilitarManualCoches.zul', null, null, 't', 'f', 30);
INSERT INTO nw.public.opcion(idopcion, idproyecto, opcion, formulario, imagen, idtipopantalla, habilitar, nuevapestana, idmenucategoriaproceso) VALUES (1681, 1, 'Habilitar Ingreso Manual Limpieza', '/produccion/LimpiezaHabilitarManualCoches.zul', null, null, 't', 'f', 31);
INSERT INTO nw.public.opcion(idopcion, idproyecto, opcion, formulario, imagen, idtipopantalla, habilitar, nuevapestana, idmenucategoriaproceso) VALUES (1682, 1, 'Habilitar Ingreso Manual Descongelado', '/produccion/DescongeladoHabilitarManualCajones.zul', null, null, 't', 'f', 32);
INSERT INTO nw.public.opcion(idopcion, idproyecto, opcion, formulario, imagen, idtipopantalla, habilitar, nuevapestana, idmenucategoriaproceso) VALUES (1683, 1, 'Registro de Ficha Despellejado', '/produccion/ControlBatchDespellejado.zul', null, null, 't', 'f', 10);
INSERT INTO nw.public.opcion(idopcion, idproyecto, opcion, formulario, imagen, idtipopantalla, habilitar, nuevapestana, idmenucategoriaproceso) VALUES (1684, 1, 'Registro de Ficha Limpieza', '/produccion/ControlBatchLimpieza.zul', null, null, 't', 'f', 10);
INSERT INTO nw.public.opcion(idopcion, idproyecto, opcion, formulario, imagen, idtipopantalla, habilitar, nuevapestana, idmenucategoriaproceso) VALUES (1685, 1, 'Registro de Ficha Llenado de Coches', '/produccion/ControlBatchLlenadoCoches.zul', null, null, 't', 'f', 10);
INSERT INTO nw.public.opcion(idopcion, idproyecto, opcion, formulario, imagen, idtipopantalla, habilitar, nuevapestana, idmenucategoriaproceso) VALUES (1686, 1, 'Registro de Ficha Esterilizado', '/produccion/ControlBatchEsterilizado.zul', null, null, 't', 'f', 16);
INSERT INTO nw.public.opcion(idopcion, idproyecto, opcion, formulario, imagen, idtipopantalla, habilitar, nuevapestana, idmenucategoriaproceso) VALUES (1687, 1, 'Registro de Ficha Ingreso Autoclave', '/produccion/ControlBatchEsterilizadoIngresoAut.zul', null, null, 't', 'f', 16);
INSERT INTO nw.public.opcion(idopcion, idproyecto, opcion, formulario, imagen, idtipopantalla, habilitar, nuevapestana, idmenucategoriaproceso) VALUES (1688, 1, 'Contingencia Coches', '/produccion/EvisceradoCocheContingencia.zul', null, null, 't', 'f', 4);
INSERT INTO nw.public.opcion(idopcion, idproyecto, opcion, formulario, imagen, idtipopantalla, habilitar, nuevapestana, idmenucategoriaproceso) VALUES (1689, 1, 'Aperturar Ducha', '/produccion/DescongeladoDuchaAperturaCierreDetalle.zul', null, null, 't', 'f', 32);
INSERT INTO nw.public.opcion(idopcion, idproyecto, opcion, formulario, imagen, idtipopantalla, habilitar, nuevapestana, idmenucategoriaproceso) VALUES (1690, 1, 'Fin forzado de descongelado por ducha/cajón', '/produccion/DescongeladoDetalleFinDescongelado.zul', null, null, 't', 'f', 32);
INSERT INTO nw.public.opcion(idopcion, idproyecto, opcion, formulario, imagen, idtipopantalla, habilitar, nuevapestana, idmenucategoriaproceso) VALUES (1691, 1, 'Traslado de cajones entre duchas', '/produccion/DescongeladoDetalleMantenimientoCajonesDucha.zul', null, null, 't', 'f', 3);
INSERT INTO nw.public.opcion(idopcion, idproyecto, opcion, formulario, imagen, idtipopantalla, habilitar, nuevapestana, idmenucategoriaproceso) VALUES (1692, 1, 'Piloto Asignación de Fichas Nuevas Evolution', '/produccion/LimpiezaProcesoAsignacionEmpleadoEvolution.zul', null, null, 't', 'f', 10);
INSERT INTO nw.public.opcion(idopcion, idproyecto, opcion, formulario, imagen, idtipopantalla, habilitar, nuevapestana, idmenucategoriaproceso) VALUES (1693, 1, 'Asignación Empleado Código Evolution', '/produccion/LimpiezaProcesoAsignacionEmpleadoCodigoEvolution.zul', null, null, 't', 'f', 31);
INSERT INTO nw.public.opcion(idopcion, idproyecto, opcion, formulario, imagen, idtipopantalla, habilitar, nuevapestana, idmenucategoriaproceso) VALUES (1694, 1, 'Asignación Empleado x Cedula x Equipo Evolution_old', '/produccion/LimpiezaProcesoAsignacionEmpleadoGrupoEvolution.zul', null, null, 't', 'f', 31);
INSERT INTO nw.public.opcion(idopcion, idproyecto, opcion, formulario, imagen, idtipopantalla, habilitar, nuevapestana, idmenucategoriaproceso) VALUES (1695, 1, 'Finalizar Descongelado Ducha/Cajones', '/produccion/DescongeladoDetalleFinDuchaPorLote.zul', null, null, 't', 'f', 32);
INSERT INTO nw.public.opcion(idopcion, idproyecto, opcion, formulario, imagen, idtipopantalla, habilitar, nuevapestana, idmenucategoriaproceso) VALUES (1696, 1, 'Hablitar Ingreso Manual Descongelado', '/produccion/DescongeladoHabilitarIngresoManual.zul', null, null, 't', 'f', 32);
INSERT INTO nw.public.opcion(idopcion, idproyecto, opcion, formulario, imagen, idtipopantalla, habilitar, nuevapestana, idmenucategoriaproceso) VALUES (1697, 1, 'Mantenimiento Ficha Batch Esterilizado', '/produccion/ControlBatchEsterilizadoMantenimiento.zul', null, null, 't', 'f', 18);
INSERT INTO nw.public.opcion(idopcion, idproyecto, opcion, formulario, imagen, idtipopantalla, habilitar, nuevapestana, idmenucategoriaproceso) VALUES (1698, 1, 'Liberar Cajones en SAP', '/produccion/LiberarCajonesSAP.zul', null, null, 't', 'f', 32);
INSERT INTO nw.public.opcion(idopcion, idproyecto, opcion, formulario, imagen, idtipopantalla, habilitar, nuevapestana, idmenucategoriaproceso) VALUES (1699, 1, 'Mantenimiento Ficha Batch Llenado Coches', '/produccion/ControlBatchLlenadoCochesMantenimiento.zul', null, null, 't', 'f', 24);
INSERT INTO nw.public.opcion(idopcion, idproyecto, opcion, formulario, imagen, idtipopantalla, habilitar, nuevapestana, idmenucategoriaproceso) VALUES (1700, 1, 'Bajas de Fichas Batch', '/produccion/ControlFichaBatchBaja.zul', null, null, 't', 'f', 60);
INSERT INTO nw.public.opcion(idopcion, idproyecto, opcion, formulario, imagen, idtipopantalla, habilitar, nuevapestana, idmenucategoriaproceso) VALUES (1701, 1, 'Actualizar Empleados', '/produccion/ActualizarEmpleado.zul', null, null, 't', 'f', 31);
INSERT INTO nw.public.opcion(idopcion, idproyecto, opcion, formulario, imagen, idtipopantalla, habilitar, nuevapestana, idmenucategoriaproceso) VALUES (1702, 1, 'Mantenimiento de Ficha Batch Limpieza', '/produccion/ControlBatchLimpiezaMantenimiento.zul', null, null, 't', 'f', 12);
INSERT INTO nw.public.opcion(idopcion, idproyecto, opcion, formulario, imagen, idtipopantalla, habilitar, nuevapestana, idmenucategoriaproceso) VALUES (1703, 1, 'Registro de Ficha x Coche', '/produccion/ControlBatchDespellejadoFichaxCoche.zul', null, null, 't', 'f', 10);
INSERT INTO nw.public.opcion(idopcion, idproyecto, opcion, formulario, imagen, idtipopantalla, habilitar, nuevapestana, idmenucategoriaproceso) VALUES (1704, 1, 'Linux', '/produccion/SeguridadDocumentosSAPLinux.zul', null, null, 't', 'f', null);
INSERT INTO nw.public.opcion(idopcion, idproyecto, opcion, formulario, imagen, idtipopantalla, habilitar, nuevapestana, idmenucategoriaproceso) VALUES (1705, 1, 'Piloto Asignación de Fichas Nuevas x Cedula Evolution_old', '/produccion/LimpiezaProcesoAsignacionEmpleadoEvolution.zul', null, null, 't', 'f', 31);
INSERT INTO nw.public.opcion(idopcion, idproyecto, opcion, formulario, imagen, idtipopantalla, habilitar, nuevapestana, idmenucategoriaproceso) VALUES (1706, 1, 'Asignación Empleado x Cedula Evolution BACKUP', '/produccion/LimpiezaProcesoAsignacionEmpleadoCodigoEvolutionV5.zul', null, null, 't', 'f', 31);
INSERT INTO nw.public.opcion(idopcion, idproyecto, opcion, formulario, imagen, idtipopantalla, habilitar, nuevapestana, idmenucategoriaproceso) VALUES (1708, 1, 'Ponchadas Empleado x Cedula  Evolution', '/produccion/LimpiezaPonchadaCodigoEvolution.zul', null, null, 't', 'f', 10);
INSERT INTO nw.public.opcion(idopcion, idproyecto, opcion, formulario, imagen, idtipopantalla, habilitar, nuevapestana, idmenucategoriaproceso) VALUES (1709, 1, 'Retiro/Reingreso empleados', '/produccion/LimpiezaPonchadaRetiroReingresoEmpleadoEvolution.zul', null, null, 't', 'f', 31);
INSERT INTO nw.public.opcion(idopcion, idproyecto, opcion, formulario, imagen, idtipopantalla, habilitar, nuevapestana, idmenucategoriaproceso) VALUES (1710, 1, 'Apertura Proceso Lonjas', '/produccion/LonjaAperturaProceso.zul', null, null, 't', 'f', 34);
INSERT INTO nw.public.opcion(idopcion, idproyecto, opcion, formulario, imagen, idtipopantalla, habilitar, nuevapestana, idmenucategoriaproceso) VALUES (1711, 1, 'Lonjas Apertura Cierre Lote', '/produccion/LonjaAperturaCierreLote.zul', null, null, 't', 'f', 34);
INSERT INTO nw.public.opcion(idopcion, idproyecto, opcion, formulario, imagen, idtipopantalla, habilitar, nuevapestana, idmenucategoriaproceso) VALUES (1712, 1, 'Lonjas Cierre Proceso', '/produccion/LonjasCierreProceso.zul', null, null, 't', 'f', 34);
INSERT INTO nw.public.opcion(idopcion, idproyecto, opcion, formulario, imagen, idtipopantalla, habilitar, nuevapestana, idmenucategoriaproceso) VALUES (1713, 1, 'Lonjas Proceso', '/produccion/LonjasProceso.zul', null, null, 't', 'f', 34);
INSERT INTO nw.public.opcion(idopcion, idproyecto, opcion, formulario, imagen, idtipopantalla, habilitar, nuevapestana, idmenucategoriaproceso) VALUES (1714, 1, 'Lonjas Asignación Empleado', '/produccion/LonjaProcesoAsignacionEmpleadoEvolution.zul', null, null, 't', 'f', 34);
INSERT INTO nw.public.opcion(idopcion, idproyecto, opcion, formulario, imagen, idtipopantalla, habilitar, nuevapestana, idmenucategoriaproceso) VALUES (1715, 1, 'Lonjas Impresión', '/produccion/LonjasImpresion.zul', null, null, 't', 'f', 20);
INSERT INTO nw.public.opcion(idopcion, idproyecto, opcion, formulario, imagen, idtipopantalla, habilitar, nuevapestana, idmenucategoriaproceso) VALUES (1716, 1, 'Lonjas Captura de Pesos', '/produccion/LonjaCapturaPeso.zul', null, null, 't', 'f', 19);
INSERT INTO nw.public.opcion(idopcion, idproyecto, opcion, formulario, imagen, idtipopantalla, habilitar, nuevapestana, idmenucategoriaproceso) VALUES (1717, 1, 'Lonjas Conteo', '/produccion/LonjaConteo.zul', null, null, 't', 'f', 19);
INSERT INTO nw.public.opcion(idopcion, idproyecto, opcion, formulario, imagen, idtipopantalla, habilitar, nuevapestana, idmenucategoriaproceso) VALUES (1718, 1, 'Mant. Ponchadas', '/produccion/LimpiezaPonchadaCodigoEvolutionMantenimientoV2.zul', null, null, 't', 'f', 12);
INSERT INTO nw.public.opcion(idopcion, idproyecto, opcion, formulario, imagen, idtipopantalla, habilitar, nuevapestana, idmenucategoriaproceso) VALUES (1719, 1, 'Mantenimiento de Cajones en Cámara (Mezcla)', '/produccion/CamaraCajonBarcoDescargaMantenimientoMescla.zul', null, null, 't', 'f', 50);
INSERT INTO nw.public.opcion(idopcion, idproyecto, opcion, formulario, imagen, idtipopantalla, habilitar, nuevapestana, idmenucategoriaproceso) VALUES (1720, 1, 'Mantenimiento Recep. atún', '/produccion/CalidadPCC1HaccpMantenimiento.zul', null, null, 't', 'f', 46);
INSERT INTO nw.public.opcion(idopcion, idproyecto, opcion, formulario, imagen, idtipopantalla, habilitar, nuevapestana, idmenucategoriaproceso) VALUES (1721, 1, 'QAM_Recep.Atún Muestreos/lote', '/produccion/CalidadPCC1SensorialLoteCamara.zul', null, null, 't', 'f', 44);
INSERT INTO nw.public.opcion(idopcion, idproyecto, opcion, formulario, imagen, idtipopantalla, habilitar, nuevapestana, idmenucategoriaproceso) VALUES (1722, 1, 'QAM_Recep.Atún Asig.lote a Muestreos', '/produccion/CalidadPCC1Haccp.zul', null, null, 't', 'f', 44);
INSERT INTO nw.public.opcion(idopcion, idproyecto, opcion, formulario, imagen, idtipopantalla, habilitar, nuevapestana, idmenucategoriaproceso) VALUES (1723, 1, 'Habilitar Peso de Cámara', '/produccion/DescongeladoHabilitarPesoDeCamara.zul', null, null, 't', 'f', 32);
INSERT INTO nw.public.opcion(idopcion, idproyecto, opcion, formulario, imagen, idtipopantalla, habilitar, nuevapestana, idmenucategoriaproceso) VALUES (1724, 1, 'Subir Ponchadas a Evolution', '/produccion/EvolutionAprobacion.zul', null, null, 't', 'f', 55);
INSERT INTO nw.public.opcion(idopcion, idproyecto, opcion, formulario, imagen, idtipopantalla, habilitar, nuevapestana, idmenucategoriaproceso) VALUES (1725, 1, 'Ejecutar Proceso Aprobación de Horas (Atunera)', '/produccion/EvolutionEjecutarProcesoCeroAtunera.zul', null, null, 't', 'f', 55);
INSERT INTO nw.public.opcion(idopcion, idproyecto, opcion, formulario, imagen, idtipopantalla, habilitar, nuevapestana, idmenucategoriaproceso) VALUES (1726, 1, 'Cortes Programados', '/produccion/LimpiezaProcesoAsignacionCortesPorLinea.zul', null, null, 't', 'f', 31);
INSERT INTO nw.public.opcion(idopcion, idproyecto, opcion, formulario, imagen, idtipopantalla, habilitar, nuevapestana, idmenucategoriaproceso) VALUES (1727, 1, 'Cortes NO Programados', '/produccion/LimpiezaProcesoAsignacionCortesNoProgramadosPorLinea.zul', null, null, 't', 'f', 10);
INSERT INTO nw.public.opcion(idopcion, idproyecto, opcion, formulario, imagen, idtipopantalla, habilitar, nuevapestana, idmenucategoriaproceso) VALUES (1728, 1, 'Reportes PCC1', '/produccion/CalidadReportesPCC1.zul', null, null, 't', 'f', null);
INSERT INTO nw.public.opcion(idopcion, idproyecto, opcion, formulario, imagen, idtipopantalla, habilitar, nuevapestana, idmenucategoriaproceso) VALUES (1729, 1, 'Reportes A Haccp', '/produccion/ProcesosReportesHaccpAuditoria.zul', null, null, 't', 'f', 58);
INSERT INTO nw.public.opcion(idopcion, idproyecto, opcion, formulario, imagen, idtipopantalla, habilitar, nuevapestana, idmenucategoriaproceso) VALUES (1730, 1, 'QAM_Recep.Clasif.Hist(PCC1A)', '/produccion/CalidadMuestraClasificacionCabeceraLineaClasificacion.zul', null, null, 't', 'f', 44);
INSERT INTO nw.public.opcion(idopcion, idproyecto, opcion, formulario, imagen, idtipopantalla, habilitar, nuevapestana, idmenucategoriaproceso) VALUES (1731, 1, 'QAM_Recep.A.Correctiva Hist(PCC1A)', '/produccion/CalidadMuestraClasificacionCabeceraDescarga.zul', null, null, 't', 'f', 44);
INSERT INTO nw.public.opcion(idopcion, idproyecto, opcion, formulario, imagen, idtipopantalla, habilitar, nuevapestana, idmenucategoriaproceso) VALUES (1732, 1, 'QAI_Sensorial PCC1B (Protocolo cocido)', '/produccion/CalidadMuestraClasificacionCabeceraProtocolo.zul', null, null, 't', 'f', 44);
INSERT INTO nw.public.opcion(idopcion, idproyecto, opcion, formulario, imagen, idtipopantalla, habilitar, nuevapestana, idmenucategoriaproceso) VALUES (1733, 1, 'PASC_Preproceso_Sensorial PCC1B (crudo)', '/produccion/CalidadMuestraClasificacionCabecera.zul', null, null, 't', 'f', 44);
INSERT INTO nw.public.opcion(idopcion, idproyecto, opcion, formulario, imagen, idtipopantalla, habilitar, nuevapestana, idmenucategoriaproceso) VALUES (1734, 1, 'QAA_Recep.Atún Result.Hist(PCC1A-B) ', '/produccion/CalidadMuestraAreaDetalle.zul', null, null, 't', 'f', 44);
INSERT INTO nw.public.opcion(idopcion, idproyecto, opcion, formulario, imagen, idtipopantalla, habilitar, nuevapestana, idmenucategoriaproceso) VALUES (1735, 1, 'QAR_Reportes Haccp PCC1A-PCC1B', '/produccion/CalidadMuestraAreaReporte.zul', null, null, 't', 'f', 45);
INSERT INTO nw.public.opcion(idopcion, idproyecto, opcion, formulario, imagen, idtipopantalla, habilitar, nuevapestana, idmenucategoriaproceso) VALUES (1736, 1, 'Aprobación Reportes Haccp', '/produccion/ControlProcesosAprobacionReportes.zul', null, null, 't', 'f', 60);
INSERT INTO nw.public.opcion(idopcion, idproyecto, opcion, formulario, imagen, idtipopantalla, habilitar, nuevapestana, idmenucategoriaproceso) VALUES (1737, 1, 'Lote Activo por Linea', '/produccion/LimpiezaLoteActivoPorLinea.zul', null, null, 't', 'f', 31);
INSERT INTO nw.public.opcion(idopcion, idproyecto, opcion, formulario, imagen, idtipopantalla, habilitar, nuevapestana, idmenucategoriaproceso) VALUES (1738, 1, 'Resetear Balanzas', '/produccion/LimpiezaResetearBalanzas.zul', null, null, 't', 'f', 31);
INSERT INTO nw.public.opcion(idopcion, idproyecto, opcion, formulario, imagen, idtipopantalla, habilitar, nuevapestana, idmenucategoriaproceso) VALUES (1739, 1, 'Aprobación Reporte de Calidad', '/produccion/CalidadMuestraAreaReporteAprobacion.zul', null, null, 't', 'f', 60);
INSERT INTO nw.public.opcion(idopcion, idproyecto, opcion, formulario, imagen, idtipopantalla, habilitar, nuevapestana, idmenucategoriaproceso) VALUES (1740, 1, 'Captura Pesos MT', '/produccion/LimpiezaDetalleProcesoBandejaLineaPilotoNuevaFicha2.zul_old', null, null, 't', 'f', 10);
INSERT INTO nw.public.opcion(idopcion, idproyecto, opcion, formulario, imagen, idtipopantalla, habilitar, nuevapestana, idmenucategoriaproceso) VALUES (1741, 1, 'Asignación masiva empleados por linea', '/produccion/LimpiezaProcesoAsignacionEmpleadoPlantillaMasivamenteV5.zul', null, null, 't', 'f', 31);
INSERT INTO nw.public.opcion(idopcion, idproyecto, opcion, formulario, imagen, idtipopantalla, habilitar, nuevapestana, idmenucategoriaproceso) VALUES (1742, 1, 'Cambio Modo de Balanza', '/produccion/LimpiezaBalanzaCambiarModo.zul', null, null, 't', 'f', 31);
INSERT INTO nw.public.opcion(idopcion, idproyecto, opcion, formulario, imagen, idtipopantalla, habilitar, nuevapestana, idmenucategoriaproceso) VALUES (1743, 1, 'Limpieza devolución coche', '/produccion/LimpiezaDevolucionCoche.zul', null, null, 't', 'f', 31);
INSERT INTO nw.public.opcion(idopcion, idproyecto, opcion, formulario, imagen, idtipopantalla, habilitar, nuevapestana, idmenucategoriaproceso) VALUES (1744, 1, 'Captura Pesos Iris', '/produccion/LimpiezaDetalleProcesoBandejaLineaPilotoNuevaFichaIris.zul_old', null, null, 't', 'f', 10);
INSERT INTO nw.public.opcion(idopcion, idproyecto, opcion, formulario, imagen, idtipopantalla, habilitar, nuevapestana, idmenucategoriaproceso) VALUES (1745, 1, 'Registro Temp. Cajón Rackeo Contraloria', '/produccion/ContraloriaDetalleRackeoTemperatura.zul', null, null, 't', 'f', 4);
INSERT INTO nw.public.opcion(idopcion, idproyecto, opcion, formulario, imagen, idtipopantalla, habilitar, nuevapestana, idmenucategoriaproceso) VALUES (1746, 1, 'Registro Temp. Coches Contraloria', '/produccion/ContraloriaCoccionMuestreoTemperatura.zul', null, null, 't', 'f', 4);
INSERT INTO nw.public.opcion(idopcion, idproyecto, opcion, formulario, imagen, idtipopantalla, habilitar, nuevapestana, idmenucategoriaproceso) VALUES (1747, 1, 'Contraloria Temperatura Eviscerado', '/produccion/ContraloriaEvisceradoMuestreoTemperatura.zul', null, null, 't', 'f', 4);
INSERT INTO nw.public.opcion(idopcion, idproyecto, opcion, formulario, imagen, idtipopantalla, habilitar, nuevapestana, idmenucategoriaproceso) VALUES (1748, 1, 'Mantenimiento Contraloria Temperatura Salida Cocinas', '/produccion/ContraloriaCoccionMuestreoTemperaturaMantenimiento.zul', null, null, 't', 'f', 6);
INSERT INTO nw.public.opcion(idopcion, idproyecto, opcion, formulario, imagen, idtipopantalla, habilitar, nuevapestana, idmenucategoriaproceso) VALUES (1749, 1, 'Mantenimiento Contraloria Temperatura Eviscerado', '/produccion/ContraloriaEvisceradoMuestreoTemperaturaMantenimiento.zul', null, null, 't', 'f', 6);
INSERT INTO nw.public.opcion(idopcion, idproyecto, opcion, formulario, imagen, idtipopantalla, habilitar, nuevapestana, idmenucategoriaproceso) VALUES (1750, 1, 'Contraloría Reporte de control de Temperaturas', '/produccion/ContraloriaReporteControlTemperaturas.zul', null, null, 't', 'f', 5);
INSERT INTO nw.public.opcion(idopcion, idproyecto, opcion, formulario, imagen, idtipopantalla, habilitar, nuevapestana, idmenucategoriaproceso) VALUES (1751, 1, 'ContraloriaTemperatura Salida Cocinas ', '/produccion/ContraloriaCoccionMuestreoTemperatura.zul', null, null, 't', 'f', 4);
INSERT INTO nw.public.opcion(idopcion, idproyecto, opcion, formulario, imagen, idtipopantalla, habilitar, nuevapestana, idmenucategoriaproceso) VALUES (1752, 1, 'Registro Temp. Rackeo  ', '/produccion/ContraloriaDetalleRackeoTemperatura.zul', null, null, 't', 'f', 4);
INSERT INTO nw.public.opcion(idopcion, idproyecto, opcion, formulario, imagen, idtipopantalla, habilitar, nuevapestana, idmenucategoriaproceso) VALUES (1753, 1, 'Registro Temp. Rackeo Mantenimiento ', '/produccion/ContraloriaDetalleRackeoTemperaturaMatenimiento.zul', null, null, 't', 'f', 6);
INSERT INTO nw.public.opcion(idopcion, idproyecto, opcion, formulario, imagen, idtipopantalla, habilitar, nuevapestana, idmenucategoriaproceso) VALUES (1754, 1, 'Reportes Temperaturas Preproceso', '/produccion/ReporteControlTemperaturasGerencia.zul', null, null, 't', 'f', 5);
INSERT INTO nw.public.opcion(idopcion, idproyecto, opcion, formulario, imagen, idtipopantalla, habilitar, nuevapestana, idmenucategoriaproceso) VALUES (1755, 1, 'Mantenimiento Temp. Ingreso Descongelado por fechas', '/produccion/DescongeladoTempIngresoFechasMantenimiento.zul', null, null, 't', 'f', 3);
INSERT INTO nw.public.opcion(idopcion, idproyecto, opcion, formulario, imagen, idtipopantalla, habilitar, nuevapestana, idmenucategoriaproceso) VALUES (1756, 1, 'Mantenimiento Temperatura Salida Cocinas V1', '/produccion/CoccionMuestreoTemperaturaMantenimientoV1.zul', null, null, 't', 'f', 6);
INSERT INTO nw.public.opcion(idopcion, idproyecto, opcion, formulario, imagen, idtipopantalla, habilitar, nuevapestana, idmenucategoriaproceso) VALUES (1757, 1, 'Parametrización de Fichas en Líneas de limpieza', '/produccion/LimpiezaParametrizacionFichas.zul', null, null, 't', 'f', 31);
INSERT INTO nw.public.opcion(idopcion, idproyecto, opcion, formulario, imagen, idtipopantalla, habilitar, nuevapestana, idmenucategoriaproceso) VALUES (1758, 1, 'Devolución cajones prod. anterior', '/produccion/DescongeladoDevolucionCajonesViejos.zul', null, null, 't', 'f', 32);
INSERT INTO nw.public.opcion(idopcion, idproyecto, opcion, formulario, imagen, idtipopantalla, habilitar, nuevapestana, idmenucategoriaproceso) VALUES (1759, 1, 'Parametrizar Estándares de Eficiencia Kilos', '/produccion/EvolutionEstandaresParametrizacion.zul', null, null, 't', 'f', 55);
INSERT INTO nw.public.opcion(idopcion, idproyecto, opcion, formulario, imagen, idtipopantalla, habilitar, nuevapestana, idmenucategoriaproceso) VALUES (1760, 1, 'Parametrizar Período Pagos', '/produccion/EvolutionAprobacionParametrizacion.zul', null, null, 't', 'f', 55);
INSERT INTO nw.public.opcion(idopcion, idproyecto, opcion, formulario, imagen, idtipopantalla, habilitar, nuevapestana, idmenucategoriaproceso) VALUES (1761, 1, 'Registro de Paradas en Linea', '/produccion/LimpiezaDetalleParadas.zul', null, null, 't', 'f', 10);
INSERT INTO nw.public.opcion(idopcion, idproyecto, opcion, formulario, imagen, idtipopantalla, habilitar, nuevapestana, idmenucategoriaproceso) VALUES (1762, 1, 'Habilitar Impresion de etiquetas', '/produccion/EvisceradoHabilitarImpresion.zul', null, null, 't', 'f', 30);
INSERT INTO nw.public.opcion(idopcion, idproyecto, opcion, formulario, imagen, idtipopantalla, habilitar, nuevapestana, idmenucategoriaproceso) VALUES (1763, 1, 'Registro de Paradas en Linea V2', '/produccion/LimpiezaDetalleParadasV2.zul', null, null, 't', 'f', 10);
INSERT INTO nw.public.opcion(idopcion, idproyecto, opcion, formulario, imagen, idtipopantalla, habilitar, nuevapestana, idmenucategoriaproceso) VALUES (1764, 1, 'Reporte de Limpieza Pesos-Ponchadas', '/produccion/LimpiezaReporteProduccionxHora.zul', null, null, 't', 'f', 11);
INSERT INTO nw.public.opcion(idopcion, idproyecto, opcion, formulario, imagen, idtipopantalla, habilitar, nuevapestana, idmenucategoriaproceso) VALUES (1765, 1, 'Actualizar Faltas', '/produccion/EvolutionEmpleadoFaltasFinal.zul', null, null, 't', 'f', 55);
INSERT INTO nw.public.opcion(idopcion, idproyecto, opcion, formulario, imagen, idtipopantalla, habilitar, nuevapestana, idmenucategoriaproceso) VALUES (1766, 1, 'Reporte Detallado de Eficiencia/Kilos/Incentivo', '/produccion/EvolutionEmpleadosPesosKilosReportes.zul', null, null, 't', 'f', 53);
INSERT INTO nw.public.opcion(idopcion, idproyecto, opcion, formulario, imagen, idtipopantalla, habilitar, nuevapestana, idmenucategoriaproceso) VALUES (1767, 1, 'Limpieza Planta Cortes', '/produccion/LimpiezaEficienciaPlantaCortes.zul', null, null, 't', 'f', 31);
INSERT INTO nw.public.opcion(idopcion, idproyecto, opcion, formulario, imagen, idtipopantalla, habilitar, nuevapestana, idmenucategoriaproceso) VALUES (1768, 1, 'Limpieza Registro de Pesos', '/produccion/LimpiezaEmpleadosPesosKilosReportes.zul', null, null, 't', 'f', 11);
INSERT INTO nw.public.opcion(idopcion, idproyecto, opcion, formulario, imagen, idtipopantalla, habilitar, nuevapestana, idmenucategoriaproceso) VALUES (1769, 1, 'Mant. Registro de Paradas en Linea', '/produccion/LimpiezaDetalleParadasMantenimiento.zul', null, null, 't', 'f', 12);
INSERT INTO nw.public.opcion(idopcion, idproyecto, opcion, formulario, imagen, idtipopantalla, habilitar, nuevapestana, idmenucategoriaproceso) VALUES (1770, 1, 'Registro Pesos de Rallado', '/produccion/LimpiezaRalladoPesos.zul', null, null, 't', 'f', 10);
INSERT INTO nw.public.opcion(idopcion, idproyecto, opcion, formulario, imagen, idtipopantalla, habilitar, nuevapestana, idmenucategoriaproceso) VALUES (1771, 1, 'Enviar Correo de Prueba', '/produccion/EnviarCorreoTest.zul', null, null, 't', 'f', null);
INSERT INTO nw.public.opcion(idopcion, idproyecto, opcion, formulario, imagen, idtipopantalla, habilitar, nuevapestana, idmenucategoriaproceso) VALUES (1772, 1, 'Reapertura/Cierre Barco Descarga', '/produccion/BarcoDescargaReaperturaCierre.zul', null, null, 't', 'f', 47);
INSERT INTO nw.public.opcion(idopcion, idproyecto, opcion, formulario, imagen, idtipopantalla, habilitar, nuevapestana, idmenucategoriaproceso) VALUES (1773, 1, 'Actualizar Salidas de Empleados - NW', '/produccion/EvolutionEmpleadoSalidas.zul', null, null, 't', 'f', 55);
INSERT INTO nw.public.opcion(idopcion, idproyecto, opcion, formulario, imagen, idtipopantalla, habilitar, nuevapestana, idmenucategoriaproceso) VALUES (1774, 1, 'Reporte detallado de Pesos', '/produccion/LimpiezaEmpleadosDetallePesosKilosReportesProduccionTurno.zul', null, null, 't', 'f', 11);
INSERT INTO nw.public.opcion(idopcion, idproyecto, opcion, formulario, imagen, idtipopantalla, habilitar, nuevapestana, idmenucategoriaproceso) VALUES (1775, 1, 'Captura Pesos Iris2 (PLANTA)', '/produccion/LimpiezaDetalleProcesoBandejaLineaPilotoNuevaFichaIris2Lote.zul', null, null, 't', 'f', 10);
INSERT INTO nw.public.opcion(idopcion, idproyecto, opcion, formulario, imagen, idtipopantalla, habilitar, nuevapestana, idmenucategoriaproceso) VALUES (1776, 1, 'Captura Pesos MT2 (PLANTA)', '/produccion/LimpiezaDetalleProcesoBandejaLineaPilotoNuevaFicha2Lote.zul', null, null, 't', 'f', 10);
INSERT INTO nw.public.opcion(idopcion, idproyecto, opcion, formulario, imagen, idtipopantalla, habilitar, nuevapestana, idmenucategoriaproceso) VALUES (1777, 1, 'Capturar Hora Ingreso Reloj Evolution', '/produccion/LimpiezaHabilitarTomaMarcacionesEvolution.zul', null, null, 't', 'f', 31);
INSERT INTO nw.public.opcion(idopcion, idproyecto, opcion, formulario, imagen, idtipopantalla, habilitar, nuevapestana, idmenucategoriaproceso) VALUES (1778, 1, 'Regular Marcaciones Hora Evolution', '/produccion/LimpiezaMarcacionesRegularizar.zul', null, null, 't', 'f', 31);
INSERT INTO nw.public.opcion(idopcion, idproyecto, opcion, formulario, imagen, idtipopantalla, habilitar, nuevapestana, idmenucategoriaproceso) VALUES (1779, 1, 'Reporte de Paradas Entre Fechas', '/produccion/LimpiezaReporteParadasEntreFechas.zul', null, null, 't', 'f', 11);
INSERT INTO nw.public.opcion(idopcion, idproyecto, opcion, formulario, imagen, idtipopantalla, habilitar, nuevapestana, idmenucategoriaproceso) VALUES (1780, 1, 'Reporte Eficiencias', '/produccion/EvolutionLimpiezaPesosReportes.zul', null, null, 't', 'f', 53);
INSERT INTO nw.public.opcion(idopcion, idproyecto, opcion, formulario, imagen, idtipopantalla, habilitar, nuevapestana, idmenucategoriaproceso) VALUES (1781, 1, 'Mantenimiento Tarifas', '/produccion/EvolutionEstandaresMantenimiento.zul', null, null, 't', 'f', 54);
INSERT INTO nw.public.opcion(idopcion, idproyecto, opcion, formulario, imagen, idtipopantalla, habilitar, nuevapestana, idmenucategoriaproceso) VALUES (1782, 1, 'Reg. Tara por Linea', '/produccion/LimpiezaDetalleLineaTaraV3.zul', null, null, 't', 'f', 31);
INSERT INTO nw.public.opcion(idopcion, idproyecto, opcion, formulario, imagen, idtipopantalla, habilitar, nuevapestana, idmenucategoriaproceso) VALUES (1783, 1, 'Planificación de Días por Período', '/produccion/EvolutionAprobacionParametrizacion.zul', null, null, 't', 'f', 55);
INSERT INTO nw.public.opcion(idopcion, idproyecto, opcion, formulario, imagen, idtipopantalla, habilitar, nuevapestana, idmenucategoriaproceso) VALUES (1784, 1, 'Parametrización de Estándares', '/produccion/EvolutionEstandaresParametrizacion.zul', null, null, 't', 'f', 55);
INSERT INTO nw.public.opcion(idopcion, idproyecto, opcion, formulario, imagen, idtipopantalla, habilitar, nuevapestana, idmenucategoriaproceso) VALUES (1785, 1, 'Carga Archivo Pedido Produccion', '/produccion/PedidoProduccionCargarArchivo.zul', null, null, 't', 'f', 56);
INSERT INTO nw.public.opcion(idopcion, idproyecto, opcion, formulario, imagen, idtipopantalla, habilitar, nuevapestana, idmenucategoriaproceso) VALUES (1786, 1, '02-Proceso Apertura Cierre Rackeo', '/produccion/RackeoAperturaCierre.zul', null, null, 't', 'f', 30);
INSERT INTO nw.public.opcion(idopcion, idproyecto, opcion, formulario, imagen, idtipopantalla, habilitar, nuevapestana, idmenucategoriaproceso) VALUES (1787, 1, '07.1-Registro de Eventos de paradas por proceso  (Banda de Rackeo)', '/produccion/EvisceradoDetalleParadasV1.zul', null, null, 't', 'f', 4);
INSERT INTO nw.public.opcion(idopcion, idproyecto, opcion, formulario, imagen, idtipopantalla, habilitar, nuevapestana, idmenucategoriaproceso) VALUES (1788, 1, '08.1-Mantenimiento de Eventos de paradas por proceso (Banda de Rackeo)', '/produccion/EvisceradoDetalleParadasMantenimientoV2.zul', null, null, 't', 'f', 6);
INSERT INTO nw.public.opcion(idopcion, idproyecto, opcion, formulario, imagen, idtipopantalla, habilitar, nuevapestana, idmenucategoriaproceso) VALUES (1789, 1, '09.1-Registro de Medios con defecto por proceso(Banda de Rackeo)', '/produccion/EvisceradoDetalleDefectosV1.zul', null, null, 't', 'f', 4);
INSERT INTO nw.public.opcion(idopcion, idproyecto, opcion, formulario, imagen, idtipopantalla, habilitar, nuevapestana, idmenucategoriaproceso) VALUES (1790, 1, '10.1-Mantenimiento de Medios con defecto por proceso(Banda de Rackeo)', '/produccion/EvisceradoDetalleDefectosMantenimiento.zul', null, null, 't', 'f', 6);
INSERT INTO nw.public.opcion(idopcion, idproyecto, opcion, formulario, imagen, idtipopantalla, habilitar, nuevapestana, idmenucategoriaproceso) VALUES (1791, 1, 'R12-Registro y Mantenimiento de Estandares en Eviscerado', '/produccion/EvisceradoRegistroMantenimientoDatosMaestrosEstandares.zul', null, null, 't', 'f', 6);
INSERT INTO nw.public.opcion(idopcion, idproyecto, opcion, formulario, imagen, idtipopantalla, habilitar, nuevapestana, idmenucategoriaproceso) VALUES (1792, 1, 'R16-Registro Invidual de personal en Rackeo', '/produccion/RackeoProcesoEmpleadoAsignacion.zul', null, null, 't', 'f', 30);
INSERT INTO nw.public.opcion(idopcion, idproyecto, opcion, formulario, imagen, idtipopantalla, habilitar, nuevapestana, idmenucategoriaproceso) VALUES (1906, 1, 'Esterilizado Registro de Coche', '/produccion/EsterilizadoCocheCreacion.zul', null, null, 't', 'f', 16);
INSERT INTO nw.public.opcion(idopcion, idproyecto, opcion, formulario, imagen, idtipopantalla, habilitar, nuevapestana, idmenucategoriaproceso) VALUES (1793, 1, 'R17-Importar Listado de personal en Rackeo', '/produccion/RackeoProcesoEmpleadoAsignacionMasiva.zul', null, null, 't', 'f', 30);
INSERT INTO nw.public.opcion(idopcion, idproyecto, opcion, formulario, imagen, idtipopantalla, habilitar, nuevapestana, idmenucategoriaproceso) VALUES (1794, 1, 'Reporte de Paradas', '/produccion/OeeDetalleParadaReporte.zul', null, null, 't', 'f', 58);
INSERT INTO nw.public.opcion(idopcion, idproyecto, opcion, formulario, imagen, idtipopantalla, habilitar, nuevapestana, idmenucategoriaproceso) VALUES (1795, 1, 'R21-Reporte de Medios con Defecto', '/produccion/OeeDetalleMediosConDefectoReporte.zul', null, null, 't', 'f', 58);
INSERT INTO nw.public.opcion(idopcion, idproyecto, opcion, formulario, imagen, idtipopantalla, habilitar, nuevapestana, idmenucategoriaproceso) VALUES (1796, 1, '03-Proceso Apertura Cierre Envasado', '/produccion/EnvasadoAperturaCierreV1.zul', null, null, 'f', 'f', 35);
INSERT INTO nw.public.opcion(idopcion, idproyecto, opcion, formulario, imagen, idtipopantalla, habilitar, nuevapestana, idmenucategoriaproceso) VALUES (1797, 1, '07.2-Registro de Eventos de paradas por proceso  (Maquinas)', '/produccion/EnvasadoDetalleParadas.zul', null, null, 't', 'f', 22);
INSERT INTO nw.public.opcion(idopcion, idproyecto, opcion, formulario, imagen, idtipopantalla, habilitar, nuevapestana, idmenucategoriaproceso) VALUES (1798, 1, '08.2-Mantenimiento de Eventos de paradas por proceso  (Maquinas)', '/produccion/EnvasadoDetalleParadasMantenimiento.zul', null, null, 't', 'f', 24);
INSERT INTO nw.public.opcion(idopcion, idproyecto, opcion, formulario, imagen, idtipopantalla, habilitar, nuevapestana, idmenucategoriaproceso) VALUES (1799, 1, '09.3-Registro de Medios con defecto por proceso(Maquinas)', '/produccion/EnvasadoDetalleDefectos.zul', null, null, 't', 'f', 22);
INSERT INTO nw.public.opcion(idopcion, idproyecto, opcion, formulario, imagen, idtipopantalla, habilitar, nuevapestana, idmenucategoriaproceso) VALUES (1800, 1, '10.3-Mantenimiento de Medios con defecto por proceso(Maquinas)', '/produccion/LimpiezaMantenimientoMaquinasDefectos.zul', null, null, 't', 'f', 24);
INSERT INTO nw.public.opcion(idopcion, idproyecto, opcion, formulario, imagen, idtipopantalla, habilitar, nuevapestana, idmenucategoriaproceso) VALUES (1801, 1, 'R10-Registro de latas procesadas por maquinas cerradoras', '/produccion/EnvasadoRegistroDeLatasProcesadasPorMaquinas.zul', '
', null, 't', 'f', 22);
INSERT INTO nw.public.opcion(idopcion, idproyecto, opcion, formulario, imagen, idtipopantalla, habilitar, nuevapestana, idmenucategoriaproceso) VALUES (1802, 1, 'R11-Mantenimiento de latas procesadas por maquinas cerradoras', '/produccion/EnvasadoRegistroDeLatasProcesadasPorMaquinasMantenimiento.zul', null, null, 't', 'f', 24);
INSERT INTO nw.public.opcion(idopcion, idproyecto, opcion, formulario, imagen, idtipopantalla, habilitar, nuevapestana, idmenucategoriaproceso) VALUES (1803, 1, 'R20-Reporte de Paradas', '/produccion/OeeDetalleParadaReporte.zul', null, null, 't', 'f', 58);
INSERT INTO nw.public.opcion(idopcion, idproyecto, opcion, formulario, imagen, idtipopantalla, habilitar, nuevapestana, idmenucategoriaproceso) VALUES (1804, 1, 'R21-Reporte de Medios con Defecto', '/produccion/OeeDetalleMediosConDefectoReporte.zul', null, null, 't', 'f', 58);
INSERT INTO nw.public.opcion(idopcion, idproyecto, opcion, formulario, imagen, idtipopantalla, habilitar, nuevapestana, idmenucategoriaproceso) VALUES (1805, 1, 'Proceso Apertura Cierre Lonjas', '/produccion/LonjasAperturaCierre.zul', null, null, 't', 'f', 34);
INSERT INTO nw.public.opcion(idopcion, idproyecto, opcion, formulario, imagen, idtipopantalla, habilitar, nuevapestana, idmenucategoriaproceso) VALUES (1806, 1, 'Registro de Eventos de paradas', '/produccion/LonjasDetalleParadas.zul', null, null, 't', 'f', 19);
INSERT INTO nw.public.opcion(idopcion, idproyecto, opcion, formulario, imagen, idtipopantalla, habilitar, nuevapestana, idmenucategoriaproceso) VALUES (1807, 1, '08.3-Mantenimiento de Eventos de paradas por proceso  (Lonjas)', '/produccion/LonjasDetalleParadasMantenimiento.zul', null, null, 't', 'f', 21);
INSERT INTO nw.public.opcion(idopcion, idproyecto, opcion, formulario, imagen, idtipopantalla, habilitar, nuevapestana, idmenucategoriaproceso) VALUES (1808, 1, 'Registro de Fundas con defecto', '/produccion/LonjasDetalleDefectos.zul', null, null, 't', 'f', 19);
INSERT INTO nw.public.opcion(idopcion, idproyecto, opcion, formulario, imagen, idtipopantalla, habilitar, nuevapestana, idmenucategoriaproceso) VALUES (1809, 1, 'R14-Registro de fundas en Lonjas', '/produccion/LonjasDetalleProcesoConteoFundas.zul', null, null, 't', 'f', 19);
INSERT INTO nw.public.opcion(idopcion, idproyecto, opcion, formulario, imagen, idtipopantalla, habilitar, nuevapestana, idmenucategoriaproceso) VALUES (1810, 1, 'R15-Registro y Mantenimiento Estandares en Lonjas', '/produccion/LonjasRegistroMantenimientoMaestrosEstandares.zul', null, null, 't', 'f', 21);
INSERT INTO nw.public.opcion(idopcion, idproyecto, opcion, formulario, imagen, idtipopantalla, habilitar, nuevapestana, idmenucategoriaproceso) VALUES (1811, 1, 'Registro Invidual de personal', '/produccion/LonjasProcesoEmpleadoAsignacionV2.zul', null, null, 't', 'f', 34);
INSERT INTO nw.public.opcion(idopcion, idproyecto, opcion, formulario, imagen, idtipopantalla, habilitar, nuevapestana, idmenucategoriaproceso) VALUES (1812, 1, 'Importar Listado de personal', '/produccion/LonjasProcesoEmpleadoAsignacionMasivaV2.zul', null, null, 't', 'f', 34);
INSERT INTO nw.public.opcion(idopcion, idproyecto, opcion, formulario, imagen, idtipopantalla, habilitar, nuevapestana, idmenucategoriaproceso) VALUES (1813, 1, 'R20-Reporte de Paradas', '/produccion/OeeDetalleParadaReporte.zul', null, null, 't', 'f', 58);
INSERT INTO nw.public.opcion(idopcion, idproyecto, opcion, formulario, imagen, idtipopantalla, habilitar, nuevapestana, idmenucategoriaproceso) VALUES (1814, 1, 'R21-Reporte de Medios con Defecto', '/produccion/OeeDetalleMediosConDefectoReporte.zul', null, null, 't', 'f', 58);
INSERT INTO nw.public.opcion(idopcion, idproyecto, opcion, formulario, imagen, idtipopantalla, habilitar, nuevapestana, idmenucategoriaproceso) VALUES (1815, 1, '09.2-Registro de Medios con defecto por proceso(Limpieza)', '/produccion/LimpiezaDetalleDefectos.zul', null, null, 't', 'f', 10);
INSERT INTO nw.public.opcion(idopcion, idproyecto, opcion, formulario, imagen, idtipopantalla, habilitar, nuevapestana, idmenucategoriaproceso) VALUES (1816, 1, '10.2-Mantenimiento de Medios con defecto por proceso(Limpieza)', '/produccion/LimpiezaMantenimientoDetalleDefectos.zul', null, null, 't', 'f', 12);
INSERT INTO nw.public.opcion(idopcion, idproyecto, opcion, formulario, imagen, idtipopantalla, habilitar, nuevapestana, idmenucategoriaproceso) VALUES (1817, 1, 'R13-Registro y Mantenimiento Estándares en Limpieza', '/produccion/LimpiezaRegistroMantenimientoDatosMaestrosEstandares.zul', null, null, 't', 'f', 12);
INSERT INTO nw.public.opcion(idopcion, idproyecto, opcion, formulario, imagen, idtipopantalla, habilitar, nuevapestana, idmenucategoriaproceso) VALUES (1818, 1, 'R20-Reporte de Paradas', '/produccion/OeeDetalleParadaReporte.zul', null, null, 't', 'f', 58);
INSERT INTO nw.public.opcion(idopcion, idproyecto, opcion, formulario, imagen, idtipopantalla, habilitar, nuevapestana, idmenucategoriaproceso) VALUES (1819, 1, 'R21-Reporte de Medios con Defecto', '/produccion/OeeDetalleMediosConDefectoReporte.zul', null, null, 't', 'f', 58);
INSERT INTO nw.public.opcion(idopcion, idproyecto, opcion, formulario, imagen, idtipopantalla, habilitar, nuevapestana, idmenucategoriaproceso) VALUES (1820, 1, 'NW-01 Oee Periodos Bases', '/produccion/OeePeriodosBases.zul', null, null, 't', 'f', 60);
INSERT INTO nw.public.opcion(idopcion, idproyecto, opcion, formulario, imagen, idtipopantalla, habilitar, nuevapestana, idmenucategoriaproceso) VALUES (1821, 1, 'NW-01 Reporte Oee Periodos Bases', '/produccion/OeePeriodosBasesReporte.zul', null, null, 't', 'f', 58);
INSERT INTO nw.public.opcion(idopcion, idproyecto, opcion, formulario, imagen, idtipopantalla, habilitar, nuevapestana, idmenucategoriaproceso) VALUES (1822, 1, '05-Registro y Mantenimiento de Datos Maestros de Paradas', '/produccion/OeeMaestroParadas.zul', null, null, 't', 'f', 59);
INSERT INTO nw.public.opcion(idopcion, idproyecto, opcion, formulario, imagen, idtipopantalla, habilitar, nuevapestana, idmenucategoriaproceso) VALUES (1823, 1, '06-Registro y Mantenimiento de datos Maestro de Formato de latas - Libras', '/produccion/EnvasadoFormatoLatasGramos.zul', null, null, 't', 'f', 24);
INSERT INTO nw.public.opcion(idopcion, idproyecto, opcion, formulario, imagen, idtipopantalla, habilitar, nuevapestana, idmenucategoriaproceso) VALUES (1824, 1, 'Rallado Habilitar Contingencia', '/produccion/LimpiezaRalladoHabilitarContingencia.zul', null, null, 't', 'f', 31);
INSERT INTO nw.public.opcion(idopcion, idproyecto, opcion, formulario, imagen, idtipopantalla, habilitar, nuevapestana, idmenucategoriaproceso) VALUES (1825, 1, 'Control Batch Rallado Mantenimiento', '/produccion/ControlBatchRalladoMantenimiento.zul', null, null, 't', 'f', 42);
INSERT INTO nw.public.opcion(idopcion, idproyecto, opcion, formulario, imagen, idtipopantalla, habilitar, nuevapestana, idmenucategoriaproceso) VALUES (1826, 1, 'Rallado Reasignar Gavetas', '/produccion/LimpiezaRalladoReasignarGavetas.zul', null, null, 't', 'f', 43);
INSERT INTO nw.public.opcion(idopcion, idproyecto, opcion, formulario, imagen, idtipopantalla, habilitar, nuevapestana, idmenucategoriaproceso) VALUES (1827, 1, 'Rallado Reasignar Gavetas Mantenimiento', '/produccion/LimpiezaRalladoReasignarGavetasMantenimiento.zul', null, null, 't', 'f', 42);
INSERT INTO nw.public.opcion(idopcion, idproyecto, opcion, formulario, imagen, idtipopantalla, habilitar, nuevapestana, idmenucategoriaproceso) VALUES (1828, 1, 'Reportes Rallado', '/produccion/RalladoReportesProceso.zul', null, null, 't', 'f', 41);
INSERT INTO nw.public.opcion(idopcion, idproyecto, opcion, formulario, imagen, idtipopantalla, habilitar, nuevapestana, idmenucategoriaproceso) VALUES (1829, 1, 'Registro Pesos de Rallado', '/produccion/LimpiezaRalladoPesosV1.zul', null, null, 't', 'f', 40);
INSERT INTO nw.public.opcion(idopcion, idproyecto, opcion, formulario, imagen, idtipopantalla, habilitar, nuevapestana, idmenucategoriaproceso) VALUES (1830, 1, 'Gestor Visual Rallado', '/produccion/LimpiezaRalladoGestorVisual.zul', null, null, 't', 'f', 41);
INSERT INTO nw.public.opcion(idopcion, idproyecto, opcion, formulario, imagen, idtipopantalla, habilitar, nuevapestana, idmenucategoriaproceso) VALUES (1831, 1, 'Mantenimiento - Temperatura Ingreso Cocinas', '/produccion/CoccionMuestreoTemperaturaIngresoMantenimiento.zul', null, null, 't', 'f', 6);
INSERT INTO nw.public.opcion(idopcion, idproyecto, opcion, formulario, imagen, idtipopantalla, habilitar, nuevapestana, idmenucategoriaproceso) VALUES (1832, 1, 'Reportes de Desperdicio Cocido', '/produccion/DesperdicioCocidoReporte.zul', null, null, 't', 'f', 14);
INSERT INTO nw.public.opcion(idopcion, idproyecto, opcion, formulario, imagen, idtipopantalla, habilitar, nuevapestana, idmenucategoriaproceso) VALUES (1833, 1, 'Registro Salida Coches Limpieza', '/produccion/LimpiezaLomoLimpioCoche.zul', null, null, 't', 'f', 10);
INSERT INTO nw.public.opcion(idopcion, idproyecto, opcion, formulario, imagen, idtipopantalla, habilitar, nuevapestana, idmenucategoriaproceso) VALUES (1834, 1, 'Matenimiento de Tarifas', '/produccion/EvolutionLimpiezaPesosReportes_Final.zul', null, null, 't', 'f', 54);
INSERT INTO nw.public.opcion(idopcion, idproyecto, opcion, formulario, imagen, idtipopantalla, habilitar, nuevapestana, idmenucategoriaproceso) VALUES (1835, 1, 'Orden de Fabricacion', '/produccion/LonjasOrdenProduccion.zul', null, null, 't', 'f', 52);
INSERT INTO nw.public.opcion(idopcion, idproyecto, opcion, formulario, imagen, idtipopantalla, habilitar, nuevapestana, idmenucategoriaproceso) VALUES (1836, 1, 'Recepcion de Coche en lonjas', '/produccion/LonjasDetalleProcesoCoche.zul', null, null, 't', 'f', 52);
INSERT INTO nw.public.opcion(idopcion, idproyecto, opcion, formulario, imagen, idtipopantalla, habilitar, nuevapestana, idmenucategoriaproceso) VALUES (1837, 1, 'Proceso de llenado de Funda y Pesado', '/produccion/LonjasDetalleProcesoEmpaque.zul', null, null, 't', 'f', 19);
INSERT INTO nw.public.opcion(idopcion, idproyecto, opcion, formulario, imagen, idtipopantalla, habilitar, nuevapestana, idmenucategoriaproceso) VALUES (1838, 1, 'Proceso de Conteo de Funda', '/produccion/LonjasDetalleProcesoConteo.zul', null, null, 't', 'f', 19);
INSERT INTO nw.public.opcion(idopcion, idproyecto, opcion, formulario, imagen, idtipopantalla, habilitar, nuevapestana, idmenucategoriaproceso) VALUES (1839, 1, 'Proceso de Empacado (Llenado de coches) V6', '/produccion/LonjasDetalleProcesoCocheEmpacadoV6.zul', null, null, 't', 'f', 19);
INSERT INTO nw.public.opcion(idopcion, idproyecto, opcion, formulario, imagen, idtipopantalla, habilitar, nuevapestana, idmenucategoriaproceso) VALUES (1840, 1, 'Recepcion de coche en Tunel', '/produccion/TunelDetalleProcesoCoche.zul', null, null, 't', 'f', 52);
INSERT INTO nw.public.opcion(idopcion, idproyecto, opcion, formulario, imagen, idtipopantalla, habilitar, nuevapestana, idmenucategoriaproceso) VALUES (1841, 1, 'Recepcion de coche en Tunel (Ajuste)', '/produccion/TunelDetalleProcesoCocheAjuste.zul', null, null, 't', 'f', 52);
INSERT INTO nw.public.opcion(idopcion, idproyecto, opcion, formulario, imagen, idtipopantalla, habilitar, nuevapestana, idmenucategoriaproceso) VALUES (1842, 1, 'Salida de coche del Tunel', '/produccion/TunelDetalleProcesoCocheSalida.zul', null, null, 't', 'f', 52);
INSERT INTO nw.public.opcion(idopcion, idproyecto, opcion, formulario, imagen, idtipopantalla, habilitar, nuevapestana, idmenucategoriaproceso) VALUES (1843, 1, 'Salida de Coche del Tunel (Ajuste)', '/produccion/TunelDetalleProcesoCocheSalidaAjuste.zul', null, null, 't', 'f', 52);
INSERT INTO nw.public.opcion(idopcion, idproyecto, opcion, formulario, imagen, idtipopantalla, habilitar, nuevapestana, idmenucategoriaproceso) VALUES (1844, 1, 'Reporte de Proceso de Lonjas', '/produccion/LiquidacionLomosAtunReporte.zul', null, null, 't', 'f', 53);
INSERT INTO nw.public.opcion(idopcion, idproyecto, opcion, formulario, imagen, idtipopantalla, habilitar, nuevapestana, idmenucategoriaproceso) VALUES (1845, 1, 'Reporte de Carga de Pedido de Produccion', '/produccion/PedidoProduccionArchivoReporte.zul', null, null, 't', 'f', 26);
INSERT INTO nw.public.opcion(idopcion, idproyecto, opcion, formulario, imagen, idtipopantalla, habilitar, nuevapestana, idmenucategoriaproceso) VALUES (1846, 1, 'Reubicación (Por Autorización)', '/produccion/LimpiezaPonchadaReubicacionEmpleadoAutorizacionEvolution.zul', null, null, 't', 'f', 31);
INSERT INTO nw.public.opcion(idopcion, idproyecto, opcion, formulario, imagen, idtipopantalla, habilitar, nuevapestana, idmenucategoriaproceso) VALUES (1847, 1, 'Reubicar Empleados', '/produccion/LimpiezaPonchadaReubicacionEmpleadoEvolution.zul', null, null, 't', 'f', 31);
INSERT INTO nw.public.opcion(idopcion, idproyecto, opcion, formulario, imagen, idtipopantalla, habilitar, nuevapestana, idmenucategoriaproceso) VALUES (1848, 1, 'Registro Control en Bandejas', '/produccion/LimpiezaCalidadDetalleProcesoBandeja.zul', null, null, 't', 'f', 10);
INSERT INTO nw.public.opcion(idopcion, idproyecto, opcion, formulario, imagen, idtipopantalla, habilitar, nuevapestana, idmenucategoriaproceso) VALUES (1849, 1, 'ReporteLineas control lineas', '/produccion/LimpiezaCalidadReporteLineas.zul', null, null, 't', 'f', 11);
INSERT INTO nw.public.opcion(idopcion, idproyecto, opcion, formulario, imagen, idtipopantalla, habilitar, nuevapestana, idmenucategoriaproceso) VALUES (1850, 1, 'Pesos Contraloria (Contraloria) Mantenimiento', '/produccion/LimpiezaCalidadDetalleProcesoBandejaMantenimiento.zul', null, null, 't', 'f', 12);
INSERT INTO nw.public.opcion(idopcion, idproyecto, opcion, formulario, imagen, idtipopantalla, habilitar, nuevapestana, idmenucategoriaproceso) VALUES (1851, 1, 'QAM_ Consulta Recep.M&A', '/produccion/CalidadMuestraAsignacionEspecieResultado.zul', null, null, 't', 'f', 45);
INSERT INTO nw.public.opcion(idopcion, idproyecto, opcion, formulario, imagen, idtipopantalla, habilitar, nuevapestana, idmenucategoriaproceso) VALUES (1852, 1, 'QAM_Consulta Recep.PCC1A-AC  M&A', '/produccion/CalidadMuestraClasificacionResultado.zul', null, null, 't', 'f', 45);
INSERT INTO nw.public.opcion(idopcion, idproyecto, opcion, formulario, imagen, idtipopantalla, habilitar, nuevapestana, idmenucategoriaproceso) VALUES (1853, 1, 'QAI_ Consulta Recep.Sensorial barco', '/produccion/CalidadMuestraDescargaSensorial.zul', null, null, 't', 'f', 44);
INSERT INTO nw.public.opcion(idopcion, idproyecto, opcion, formulario, imagen, idtipopantalla, habilitar, nuevapestana, idmenucategoriaproceso) VALUES (1854, 1, 'QAI_Sensorial PCC1B Mantenimiento (Protocolo cocido) ', '/produccion/CalidadMuestraClasificacionCabeceraProtocoloContingencia.zul', null, null, 't', 'f', 46);
INSERT INTO nw.public.opcion(idopcion, idproyecto, opcion, formulario, imagen, idtipopantalla, habilitar, nuevapestana, idmenucategoriaproceso) VALUES (1855, 1, 'PASC_Preproceso_Sensorial PCC1B  Mantenimiento (crudo)', '/produccion/CalidadMuestraClasificacionCabeceraContingencia.zul', null, null, 't', 'f', 46);
INSERT INTO nw.public.opcion(idopcion, idproyecto, opcion, formulario, imagen, idtipopantalla, habilitar, nuevapestana, idmenucategoriaproceso) VALUES (1856, 1, 'Registro de Coches Eviscerado V3', '/produccion/EvisceradoDetalleProcesoCoche3.zul', null, null, 't', 'f', 4);
INSERT INTO nw.public.opcion(idopcion, idproyecto, opcion, formulario, imagen, idtipopantalla, habilitar, nuevapestana, idmenucategoriaproceso) VALUES (1857, 1, 'Habilitar Contingencia Ingreso Coches', '/produccion/EvisceradoHabilitarContingenciaIngresoCoches.zul', null, null, 't', 'f', 30);
INSERT INTO nw.public.opcion(idopcion, idproyecto, opcion, formulario, imagen, idtipopantalla, habilitar, nuevapestana, idmenucategoriaproceso) VALUES (1858, 1, 'Reporte de Cumplimientos', '/produccion/LimpiezaCumplimientosReporte.zul', null, null, 't', 'f', 11);
INSERT INTO nw.public.opcion(idopcion, idproyecto, opcion, formulario, imagen, idtipopantalla, habilitar, nuevapestana, idmenucategoriaproceso) VALUES (1859, 1, 'Reapertura de cocina', '/produccion/CocinasProcesoControlReapertura.zul', null, null, 't', 'f', 30);
INSERT INTO nw.public.opcion(idopcion, idproyecto, opcion, formulario, imagen, idtipopantalla, habilitar, nuevapestana, idmenucategoriaproceso) VALUES (1860, 1, 'Cumplimientos', '/produccion/LimpiezaCumplimientosReporte.zul', null, null, 't', 'f', 11);
INSERT INTO nw.public.opcion(idopcion, idproyecto, opcion, formulario, imagen, idtipopantalla, habilitar, nuevapestana, idmenucategoriaproceso) VALUES (1861, 1, 'Limpieza Cumplimientos - Parametros Evaluacion Por Calidad', '/produccion/LimpiezaCumplimientosParametrosEvaluacionPorCalidad.zul', null, null, 't', 'f', 31);
INSERT INTO nw.public.opcion(idopcion, idproyecto, opcion, formulario, imagen, idtipopantalla, habilitar, nuevapestana, idmenucategoriaproceso) VALUES (1862, 1, 'Reporte de Paradas de Envasado', '/produccion/OeeDetalleParadaReporteEnvasado.zul', null, null, 't', 'f', 23);
INSERT INTO nw.public.opcion(idopcion, idproyecto, opcion, formulario, imagen, idtipopantalla, habilitar, nuevapestana, idmenucategoriaproceso) VALUES (1863, 1, 'Reporte de Incentivos-Cumplimientos', '/produccion/LimpiezaCumplimientosReporteIncentivo.zul', null, null, 't', 'f', 11);
INSERT INTO nw.public.opcion(idopcion, idproyecto, opcion, formulario, imagen, idtipopantalla, habilitar, nuevapestana, idmenucategoriaproceso) VALUES (1864, 1, 'Limpieza - Cumplimientos', '/produccion/LimpiezaCumplimientosReporte1.zul', null, null, 't', 'f', 11);
INSERT INTO nw.public.opcion(idopcion, idproyecto, opcion, formulario, imagen, idtipopantalla, habilitar, nuevapestana, idmenucategoriaproceso) VALUES (1865, 1, 'Limpieza - Defectos Linea Calidad', '/produccion/CalidadDefectosLimpiezaLinea.zul', null, null, 't', 'f', 10);
INSERT INTO nw.public.opcion(idopcion, idproyecto, opcion, formulario, imagen, idtipopantalla, habilitar, nuevapestana, idmenucategoriaproceso) VALUES (1866, 1, 'Limpieza - Defectos Linea Calidad Mantenimiento', '/produccion/CalidadDefectosLimpiezaLineaMantenimiento.zul', null, null, 't', 'f', 12);
INSERT INTO nw.public.opcion(idopcion, idproyecto, opcion, formulario, imagen, idtipopantalla, habilitar, nuevapestana, idmenucategoriaproceso) VALUES (1867, 1, 'QAR_Defectos Limpieza Linea', '/produccion/CalidadDefectosLimpiezaReporte.zul', null, null, 't', 'f', 11);
INSERT INTO nw.public.opcion(idopcion, idproyecto, opcion, formulario, imagen, idtipopantalla, habilitar, nuevapestana, idmenucategoriaproceso) VALUES (1868, 1, 'Retiro/Reingreso Temporal', '/produccion/LimpiezaPonchadaRetiroReingresoEmpleadoEvolutionTemp.zul', null, null, 't', 'f', 31);
INSERT INTO nw.public.opcion(idopcion, idproyecto, opcion, formulario, imagen, idtipopantalla, habilitar, nuevapestana, idmenucategoriaproceso) VALUES (1869, 1, 'Apertura Proceso Panza', '/produccion/PanzasAperturaCierreProceso.zul', null, null, 't', 'f', 30);
INSERT INTO nw.public.opcion(idopcion, idproyecto, opcion, formulario, imagen, idtipopantalla, habilitar, nuevapestana, idmenucategoriaproceso) VALUES (1870, 1, 'Registro coches Panzas', '/produccion/PanzasDetalleProcesoCoche.zul', null, null, 't', 'f', 4);
INSERT INTO nw.public.opcion(idopcion, idproyecto, opcion, formulario, imagen, idtipopantalla, habilitar, nuevapestana, idmenucategoriaproceso) VALUES (1871, 1, 'Mantenimiento coches Panzas', '/produccion/PanzasDetalleProcesoCocheMantenimiento.zul', null, null, 't', 'f', 4);
INSERT INTO nw.public.opcion(idopcion, idproyecto, opcion, formulario, imagen, idtipopantalla, habilitar, nuevapestana, idmenucategoriaproceso) VALUES (1872, 1, 'Reportes Panzas', '/produccion/PanzasLoteReporte.zul', null, null, 't', 'f', 5);
INSERT INTO nw.public.opcion(idopcion, idproyecto, opcion, formulario, imagen, idtipopantalla, habilitar, nuevapestana, idmenucategoriaproceso) VALUES (1873, 1, 'Recepción coches Panza en Planta', '/produccion/PanzasFileteadaDetalleProcesoCocheV1.zul', null, null, 't', 'f', 10);
INSERT INTO nw.public.opcion(idopcion, idproyecto, opcion, formulario, imagen, idtipopantalla, habilitar, nuevapestana, idmenucategoriaproceso) VALUES (1874, 1, 'Mantenimiento Recepción coches Panza', '/produccion/PanzasFileteadaDetalleProcesoCocheMantenimiento.zul', null, null, 't', 'f', 12);
INSERT INTO nw.public.opcion(idopcion, idproyecto, opcion, formulario, imagen, idtipopantalla, habilitar, nuevapestana, idmenucategoriaproceso) VALUES (1875, 1, 'Reporte Panzas Fileteadas', '/produccion/PanzasFileteadaReporte.zul', null, null, 't', 'f', 11);
INSERT INTO nw.public.opcion(idopcion, idproyecto, opcion, formulario, imagen, idtipopantalla, habilitar, nuevapestana, idmenucategoriaproceso) VALUES (1876, 1, 'QAM_ Recep.Atún Tabla Clasif.Sal Nirsa', '/produccion/ClasificacionSalTipoBarco.zul', null, null, 't', 'f', 44);
INSERT INTO nw.public.opcion(idopcion, idproyecto, opcion, formulario, imagen, idtipopantalla, habilitar, nuevapestana, idmenucategoriaproceso) VALUES (1877, 1, 'QAM_ Recep.Atún Asignacion Clasif.Sal a Registro ', '/produccion/CalidadClasificacionBarcoRegistroSal.zul', null, null, 't', 'f', 44);
INSERT INTO nw.public.opcion(idopcion, idproyecto, opcion, formulario, imagen, idtipopantalla, habilitar, nuevapestana, idmenucategoriaproceso) VALUES (1878, 1, 'QAR_ Recep.Atún Informe Calidades', '/produccion/CalidadInformeMateriaPrima.zul', null, null, 't', 'f', 45);
INSERT INTO nw.public.opcion(idopcion, idproyecto, opcion, formulario, imagen, idtipopantalla, habilitar, nuevapestana, idmenucategoriaproceso) VALUES (1879, 1, 'QAR_ Historial Clasif.Sal por Registro', '/produccion/CalidadClasificacionInformeSalBarcoDescarga.zul', null, null, 't', 'f', 45);
INSERT INTO nw.public.opcion(idopcion, idproyecto, opcion, formulario, imagen, idtipopantalla, habilitar, nuevapestana, idmenucategoriaproceso) VALUES (1880, 1, 'Reporte Medios con Defecto Limpieza', '/produccion/OeeDetalleMediosConDefectoLimpiezaReporte.zul', null, null, 't', 'f', 11);
INSERT INTO nw.public.opcion(idopcion, idproyecto, opcion, formulario, imagen, idtipopantalla, habilitar, nuevapestana, idmenucategoriaproceso) VALUES (1881, 1, 'Mantenimiento coches Panzas V2', '/produccion/PanzasDetalleProcesoCocheMantenimientoV2.zul', null, null, 't', 'f', 6);
INSERT INTO nw.public.opcion(idopcion, idproyecto, opcion, formulario, imagen, idtipopantalla, habilitar, nuevapestana, idmenucategoriaproceso) VALUES (1882, 1, 'Archivo de Nómina (kilos equivalentes)', '/produccion/EvolutionLimpiezaPesosReportesActualizado.zul', null, null, 't', 'f', 53);
INSERT INTO nw.public.opcion(idopcion, idproyecto, opcion, formulario, imagen, idtipopantalla, habilitar, nuevapestana, idmenucategoriaproceso) VALUES (1883, 1, 'Envio recepcion de Coches en Lonjas (Limpieza)', '/produccion/LimpiezaLomoLimpioCocheEnvioRecepcionV2.zul', null, null, 't', 'f', 19);
INSERT INTO nw.public.opcion(idopcion, idproyecto, opcion, formulario, imagen, idtipopantalla, habilitar, nuevapestana, idmenucategoriaproceso) VALUES (1884, 1, 'Proceso de llenado de Funda y Pesado Dinamico', '/produccion/LonjasDetalleProcesoConteoDinamicoV3.zul', null, null, 't', 'f', 19);
INSERT INTO nw.public.opcion(idopcion, idproyecto, opcion, formulario, imagen, idtipopantalla, habilitar, nuevapestana, idmenucategoriaproceso) VALUES (1885, 1, 'Calidad Temperatura Cajones Mantenimiento', '/produccion/CalidadTemperaturaCajonBandaMantenimiento.zul', null, null, 't', 'f', 46);
INSERT INTO nw.public.opcion(idopcion, idproyecto, opcion, formulario, imagen, idtipopantalla, habilitar, nuevapestana, idmenucategoriaproceso) VALUES (1886, 1, 'QAM_Recep.Atún Correccion Muestreos/lote', '/produccion/CalidadPCC1Mantenimiento.zul', null, null, 't', 'f', 46);
INSERT INTO nw.public.opcion(idopcion, idproyecto, opcion, formulario, imagen, idtipopantalla, habilitar, nuevapestana, idmenucategoriaproceso) VALUES (1887, 1, 'Limpieza Cumplimientos Reporte Produccion y Turno', '/produccion/LimpiezaCumplimientosReporteProduccionTurno.zul', null, null, 't', 'f', 11);
INSERT INTO nw.public.opcion(idopcion, idproyecto, opcion, formulario, imagen, idtipopantalla, habilitar, nuevapestana, idmenucategoriaproceso) VALUES (1888, 1, 'Produccion Carga de Ordenes', '/produccion/ProduccionCargaOrdenesV2.zul', null, null, 't', 'f', 56);
INSERT INTO nw.public.opcion(idopcion, idproyecto, opcion, formulario, imagen, idtipopantalla, habilitar, nuevapestana, idmenucategoriaproceso) VALUES (1889, 1, 'Produccion Consulta Carga de Ordenes', '/produccion/ProduccionCargaOrdenesReporte.zul', null, null, 't', 'f', 26);
INSERT INTO nw.public.opcion(idopcion, idproyecto, opcion, formulario, imagen, idtipopantalla, habilitar, nuevapestana, idmenucategoriaproceso) VALUES (1890, 1, 'Maquina Apertura Cierre Proceso', '/produccion/EnvasadoAperturaCierreV2.zul', null, null, 't', 'f', 35);
INSERT INTO nw.public.opcion(idopcion, idproyecto, opcion, formulario, imagen, idtipopantalla, habilitar, nuevapestana, idmenucategoriaproceso) VALUES (1891, 1, 'Maquina Reg. Cortes Peso Fill', '/produccion/EnvasadoControlFillCorte.zul', null, null, 't', 'f', 22);
INSERT INTO nw.public.opcion(idopcion, idproyecto, opcion, formulario, imagen, idtipopantalla, habilitar, nuevapestana, idmenucategoriaproceso) VALUES (1892, 1, 'Maquina Ficha Tecnica', '/produccion/EnvasadoFichaTecnicaV5.zul', null, null, 't', 'f', 35);
INSERT INTO nw.public.opcion(idopcion, idproyecto, opcion, formulario, imagen, idtipopantalla, habilitar, nuevapestana, idmenucategoriaproceso) VALUES (1893, 1, 'Maquina Reg. Peso Fill', '/produccion/EnvasadoDetalleControlPesoFillV2.zul', null, null, 't', 'f', 22);
INSERT INTO nw.public.opcion(idopcion, idproyecto, opcion, formulario, imagen, idtipopantalla, habilitar, nuevapestana, idmenucategoriaproceso) VALUES (1894, 1, 'Maquina Mantenimiento Peso Fill', '/produccion/EnvasadoDetalleControlPesoFillMantenimientoV2.zul', null, null, 't', 'f', 24);
INSERT INTO nw.public.opcion(idopcion, idproyecto, opcion, formulario, imagen, idtipopantalla, habilitar, nuevapestana, idmenucategoriaproceso) VALUES (1895, 1, 'Maquina Reportes Fill/Neto', '/produccion/EnvasadoDetalleControlPesoFillNetoReporteV2.zul', null, null, 't', 'f', 23);
INSERT INTO nw.public.opcion(idopcion, idproyecto, opcion, formulario, imagen, idtipopantalla, habilitar, nuevapestana, idmenucategoriaproceso) VALUES (1896, 1, 'Maquina Mant. Cortes Peso Fill', '/produccion/EnvasadoControlFillCorteMantenimiento.zul', null, null, 't', 'f', 24);
INSERT INTO nw.public.opcion(idopcion, idproyecto, opcion, formulario, imagen, idtipopantalla, habilitar, nuevapestana, idmenucategoriaproceso) VALUES (1897, 1, 'Maquina Reg. Cortes NetoCorte', '/produccion/EnvasadoControlNetoCorte.zul', null, null, 't', 'f', 35);
INSERT INTO nw.public.opcion(idopcion, idproyecto, opcion, formulario, imagen, idtipopantalla, habilitar, nuevapestana, idmenucategoriaproceso) VALUES (1898, 1, 'Maquina Mant. Cortes Peso Neto', '/produccion/EnvasadoControlNetoCorteMantenimiento.zul', null, null, 't', 'f', 24);
INSERT INTO nw.public.opcion(idopcion, idproyecto, opcion, formulario, imagen, idtipopantalla, habilitar, nuevapestana, idmenucategoriaproceso) VALUES (1899, 1, 'Maquina Reg. Peso Neto', '/produccion/EnvasadoDetalleControlPesoNetoV2.zul', null, null, 't', 'f', 22);
INSERT INTO nw.public.opcion(idopcion, idproyecto, opcion, formulario, imagen, idtipopantalla, habilitar, nuevapestana, idmenucategoriaproceso) VALUES (1900, 1, 'Maquina Mantenimiento Peso Neto', '/produccion/EnvasadoDetalleControlPesoNetoMantenimientoV2.zul', null, null, 't', 'f', 24);
INSERT INTO nw.public.opcion(idopcion, idproyecto, opcion, formulario, imagen, idtipopantalla, habilitar, nuevapestana, idmenucategoriaproceso) VALUES (1901, 1, 'Maquina Cambios Fill Weigth', '/produccion/EnvasadoDetalleProcesoCambiosV2.zul', null, null, 't', 'f', 22);
INSERT INTO nw.public.opcion(idopcion, idproyecto, opcion, formulario, imagen, idtipopantalla, habilitar, nuevapestana, idmenucategoriaproceso) VALUES (1902, 1, 'Maquina Mant. Cambios Fill Weigth', '/produccion/EnvasadoDetalleProcesoCambiosMantenimientoV2.zul', null, null, 't', 'f', 24);
INSERT INTO nw.public.opcion(idopcion, idproyecto, opcion, formulario, imagen, idtipopantalla, habilitar, nuevapestana, idmenucategoriaproceso) VALUES (1903, 1, 'Maquina Reporte Cambios Fill Weigth', '/produccion/EnvasadoDetalleProcesoCambiosReporteV2.zul', null, null, 't', 'f', 23);
INSERT INTO nw.public.opcion(idopcion, idproyecto, opcion, formulario, imagen, idtipopantalla, habilitar, nuevapestana, idmenucategoriaproceso) VALUES (1904, 1, 'Calidad Muestreos y Temperatura Salida Cocina Mantenimiento (Descontinuada)', '/produccion/CalidadMuestreosyTemperaturaCoccionMantenimiento.zul', null, null, 't', 'f', 6);
INSERT INTO nw.public.opcion(idopcion, idproyecto, opcion, formulario, imagen, idtipopantalla, habilitar, nuevapestana, idmenucategoriaproceso) VALUES (1905, 1, 'Limpieza Reportes Consolidados', '/produccion/LimpiezaReportesConsolidados.zul', null, null, 't', 'f', 11);
INSERT INTO nw.public.opcion(idopcion, idproyecto, opcion, formulario, imagen, idtipopantalla, habilitar, nuevapestana, idmenucategoriaproceso) VALUES (1907, 1, 'Esterilizado Registro Coche Mantenimiento', '/produccion/EsterilizadoCocheCreacionMantenimiento.zul', null, null, 't', 'f', 18);
INSERT INTO nw.public.opcion(idopcion, idproyecto, opcion, formulario, imagen, idtipopantalla, habilitar, nuevapestana, idmenucategoriaproceso) VALUES (1908, 1, 'Autoclave Crear Parada', '/produccion/AutoclaveParada.zul', null, null, 't', 'f', 33);
INSERT INTO nw.public.opcion(idopcion, idproyecto, opcion, formulario, imagen, idtipopantalla, habilitar, nuevapestana, idmenucategoriaproceso) VALUES (1909, 1, 'Autoclave Control de Parada', '/produccion/AutoclaveParadaDatos.zul', null, null, 't', 'f', 16);
INSERT INTO nw.public.opcion(idopcion, idproyecto, opcion, formulario, imagen, idtipopantalla, habilitar, nuevapestana, idmenucategoriaproceso) VALUES (1910, 1, 'Esterilizado Apertura Cierre', '/produccion/EsterilizadoAperturaCierreProceso.zul', null, null, 't', 'f', 33);
INSERT INTO nw.public.opcion(idopcion, idproyecto, opcion, formulario, imagen, idtipopantalla, habilitar, nuevapestana, idmenucategoriaproceso) VALUES (1911, 1, 'Autoclave Registro Muestras (Salida coche)', '/produccion/AutoclaveRegistroMuestra.zul', null, null, 't', 'f', 16);
INSERT INTO nw.public.opcion(idopcion, idproyecto, opcion, formulario, imagen, idtipopantalla, habilitar, nuevapestana, idmenucategoriaproceso) VALUES (1912, 1, 'Autoclave Registro Muestras (Salida coche) Manteniineto', '/produccion/AutoclaveRegistroMuestraMantenimiento.zul', null, null, 't', 'f', 18);
INSERT INTO nw.public.opcion(idopcion, idproyecto, opcion, formulario, imagen, idtipopantalla, habilitar, nuevapestana, idmenucategoriaproceso) VALUES (1913, 1, 'Reporte Panzas Fileteada', '/produccion/PanzasFileteadaReporte.zul', null, null, 't', 'f', 11);
INSERT INTO nw.public.opcion(idopcion, idproyecto, opcion, formulario, imagen, idtipopantalla, habilitar, nuevapestana, idmenucategoriaproceso) VALUES (1914, 1, 'Registro Cantidad Personas Eviscerado', '/produccion/EvisceradoDetalleProcesoCantidadPersona.zul', null, null, 't', 'f', 30);
INSERT INTO nw.public.opcion(idopcion, idproyecto, opcion, formulario, imagen, idtipopantalla, habilitar, nuevapestana, idmenucategoriaproceso) VALUES (1915, 1, 'Mantenimiento Cantidad Personas Eviscerado', '/produccion/EvisceradoDetalleProcesoCantidadPersonaMantenimiento.zul', null, null, 't', 'f', 6);
INSERT INTO nw.public.opcion(idopcion, idproyecto, opcion, formulario, imagen, idtipopantalla, habilitar, nuevapestana, idmenucategoriaproceso) VALUES (1916, 1, 'Esterilizado/Autoclave Reportes', '/produccion/AutoclaveParadaDatosReporte.zul', null, null, 't', 'f', 17);
INSERT INTO nw.public.opcion(idopcion, idproyecto, opcion, formulario, imagen, idtipopantalla, habilitar, nuevapestana, idmenucategoriaproceso) VALUES (1917, 1, 'Limpieza Control Marcación por Linea', '/produccion/LimpiezaLineaControlAsignacion.zul', null, null, 't', 'f', 31);
INSERT INTO nw.public.opcion(idopcion, idproyecto, opcion, formulario, imagen, idtipopantalla, habilitar, nuevapestana, idmenucategoriaproceso) VALUES (1918, 1, 'Reporte Tiempos de Paro Eviscerado(PC-TABLET)', '/produccion/ReporteTvcEviscerado.zul', null, null, 't', 'f', 5);
INSERT INTO nw.public.opcion(idopcion, idproyecto, opcion, formulario, imagen, idtipopantalla, habilitar, nuevapestana, idmenucategoriaproceso) VALUES (1919, 1, 'Limpieza Linea Cambio de balanza', '/produccion/LimpiezaBalanzaCambiarBalanza.zul', null, null, 't', 'f', 11);
INSERT INTO nw.public.opcion(idopcion, idproyecto, opcion, formulario, imagen, idtipopantalla, habilitar, nuevapestana, idmenucategoriaproceso) VALUES (1920, 1, 'Produccion Yield TestRechazo Materia Prima por Lote', '/produccion/ProduccionYieldTestRechazoMateriaPrimaLote.zul', '', null, 't', 'f', 60);
INSERT INTO nw.public.opcion(idopcion, idproyecto, opcion, formulario, imagen, idtipopantalla, habilitar, nuevapestana, idmenucategoriaproceso) VALUES (1921, 1, 'Produccion Yield Test Recuperado Panza Materia por Lote', '/produccion/ProduccionYieldTestRecuperadoPanzaMateriaPrimaLote.zul', '', null, 't', 'f', 60);
INSERT INTO nw.public.opcion(idopcion, idproyecto, opcion, formulario, imagen, idtipopantalla, habilitar, nuevapestana, idmenucategoriaproceso) VALUES (1922, 1, 'Control de Pesos Yield Test', '/produccion/LimpiezaYeildControlPesosV2.zul', null, null, 't', 'f', 10);
INSERT INTO nw.public.opcion(idopcion, idproyecto, opcion, formulario, imagen, idtipopantalla, habilitar, nuevapestana, idmenucategoriaproceso) VALUES (1923, 1, 'Control de Pesos Yield Test - Mantenimiento', '/produccion/LimpiezaYeildControlPesosMantenimiento.zul', null, null, 't', 'f', 12);
INSERT INTO nw.public.opcion(idopcion, idproyecto, opcion, formulario, imagen, idtipopantalla, habilitar, nuevapestana, idmenucategoriaproceso) VALUES (1924, 1, 'Control de Calidad PCC2 PCC3 PCC4', '/produccion/CalidadPCC2AccionCorrectiva.zul', null, null, 't', 'f', 58);
INSERT INTO nw.public.opcion(idopcion, idproyecto, opcion, formulario, imagen, idtipopantalla, habilitar, nuevapestana, idmenucategoriaproceso) VALUES (1925, 1, 'Reporte Yield Test', '/produccion/LimpiezaYieldTestReporte.zul', null, null, 't', 'f', 11);
INSERT INTO nw.public.opcion(idopcion, idproyecto, opcion, formulario, imagen, idtipopantalla, habilitar, nuevapestana, idmenucategoriaproceso) VALUES (1926, 1, 'NW-SAP Notificación Descongelado', '/produccion/DescongeladoNotificacion.zul', null, null, 't', 'f', 60);
INSERT INTO nw.public.opcion(idopcion, idproyecto, opcion, formulario, imagen, idtipopantalla, habilitar, nuevapestana, idmenucategoriaproceso) VALUES (1927, 1, 'NW-SAP Notificación Eviscerado', '/produccion/EvisceradoNotificacion.zul', null, null, 't', 'f', 60);
INSERT INTO nw.public.opcion(idopcion, idproyecto, opcion, formulario, imagen, idtipopantalla, habilitar, nuevapestana, idmenucategoriaproceso) VALUES (1928, 1, 'NW-SAP Notificación Subproductos', '/produccion/DesperdicioCrudoNotificacion.zul', null, null, 't', 'f', 60);
INSERT INTO nw.public.opcion(idopcion, idproyecto, opcion, formulario, imagen, idtipopantalla, habilitar, nuevapestana, idmenucategoriaproceso) VALUES (1929, 1, 'QARV_Revisión-Verificación Reportes HACCP', '/produccion/CalidadMuestraAreaReporteRevision.zul', null, null, 't', 'f', 11);
INSERT INTO nw.public.opcion(idopcion, idproyecto, opcion, formulario, imagen, idtipopantalla, habilitar, nuevapestana, idmenucategoriaproceso) VALUES (1930, 1, 'Aprobación horas', '/produccion/EvolutionEjecutarProcesoCeroAtuneraV2.zul', null, null, 't', 'f', 55);
INSERT INTO nw.public.opcion(idopcion, idproyecto, opcion, formulario, imagen, idtipopantalla, habilitar, nuevapestana, idmenucategoriaproceso) VALUES (1931, 1, 'Lonjas Retiro/Reingreso Empleados', '/produccion/LonjasRetiroReingresoEmpleadoEvolution.zul', null, null, 't', 'f', 34);
INSERT INTO nw.public.opcion(idopcion, idproyecto, opcion, formulario, imagen, idtipopantalla, habilitar, nuevapestana, idmenucategoriaproceso) VALUES (1932, 1, 'Lonjas Reubicacion Empleados Autorizacion', '/produccion/LonjasReubicacionEmpleadoAutorizacionEvolution.zul', null, null, 't', 'f', 34);
INSERT INTO nw.public.opcion(idopcion, idproyecto, opcion, formulario, imagen, idtipopantalla, habilitar, nuevapestana, idmenucategoriaproceso) VALUES (1933, 1, 'QAR_Rechazo Calidad-Atunera', '/produccion/CalidadDesperdicioReporte.zul', null, null, 't', 'f', 14);
INSERT INTO nw.public.opcion(idopcion, idproyecto, opcion, formulario, imagen, idtipopantalla, habilitar, nuevapestana, idmenucategoriaproceso) VALUES (1934, 1, 'Limpieza - Defectos Linea Tablet', '/produccion/CalidadDefectosLimpiezaLineaV3.zul', null, null, 't', 'f', 10);
INSERT INTO nw.public.opcion(idopcion, idproyecto, opcion, formulario, imagen, idtipopantalla, habilitar, nuevapestana, idmenucategoriaproceso) VALUES (1935, 1, 'QAC_Corrección T° Eviscerado', '/produccion/CalidadMuestreoTemperaturaCochesEvisceradoMantenimiento.zul', null, null, 't', 'f', 6);
INSERT INTO nw.public.opcion(idopcion, idproyecto, opcion, formulario, imagen, idtipopantalla, habilitar, nuevapestana, idmenucategoriaproceso) VALUES (1936, 1, 'QAC_Corrección T° Descongelado', '/produccion/CalidadDescongeladoTemperaturaMantenimiento.zul', null, null, 't', 'f', 3);
INSERT INTO nw.public.opcion(idopcion, idproyecto, opcion, formulario, imagen, idtipopantalla, habilitar, nuevapestana, idmenucategoriaproceso) VALUES (1937, 1, 'Reporte Aprobación Enceramiento Atunera', '/produccion/EvolutionAprobacionEnceramientoReporte.zul', null, null, 't', 'f', 55);
INSERT INTO nw.public.opcion(idopcion, idproyecto, opcion, formulario, imagen, idtipopantalla, habilitar, nuevapestana, idmenucategoriaproceso) VALUES (1938, 1, 'Control de Descarga', '/produccion/CalidadDescargaControl.zul', null, null, 't', 'f', 44);
INSERT INTO nw.public.opcion(idopcion, idproyecto, opcion, formulario, imagen, idtipopantalla, habilitar, nuevapestana, idmenucategoriaproceso) VALUES (1939, 1, 'Reporte Control de Descarga', '/produccion/CalidadDescargaControlReporte.zul', null, null, 't', 'f', 45);
INSERT INTO nw.public.opcion(idopcion, idproyecto, opcion, formulario, imagen, idtipopantalla, habilitar, nuevapestana, idmenucategoriaproceso) VALUES (1940, 1, 'Harina - Reporte Tiempo de Exposición', '/produccion/HarinaImpresionTiemposExposicion.zul', null, null, 't', 'f', 8);
INSERT INTO nw.public.opcion(idopcion, idproyecto, opcion, formulario, imagen, idtipopantalla, habilitar, nuevapestana, idmenucategoriaproceso) VALUES (1941, 1, 'Harina - Volteo Cajón', '/produccion/HarinaCajonVolteo.zul', null, null, 't', 'f', 7);
INSERT INTO nw.public.opcion(idopcion, idproyecto, opcion, formulario, imagen, idtipopantalla, habilitar, nuevapestana, idmenucategoriaproceso) VALUES (1942, 1, 'Harina - Volteo Cajón Mantenimiento', '/produccion/HarinaCajonVolteoMantenimiento.zul', null, null, 't', 'f', 9);
INSERT INTO nw.public.opcion(idopcion, idproyecto, opcion, formulario, imagen, idtipopantalla, habilitar, nuevapestana, idmenucategoriaproceso) VALUES (1943, 1, 'Maquina Reg. Peso Fill (Balance) - No Usar - Adaptar al nuevo modelo', '/produccion/EnvasadoDetalleControlPesoFillV3.zul', null, null, 'f', 'f', 22);
INSERT INTO nw.public.opcion(idopcion, idproyecto, opcion, formulario, imagen, idtipopantalla, habilitar, nuevapestana, idmenucategoriaproceso) VALUES (1944, 1, 'Control Peso Reporte Grafico', '/produccion/EnvasadoDetalleControlPesoReporteV2.zul', null, null, 't', 'f', 23);
INSERT INTO nw.public.opcion(idopcion, idproyecto, opcion, formulario, imagen, idtipopantalla, habilitar, nuevapestana, idmenucategoriaproceso) VALUES (1945, 1, 'NW-SAP Notificación Cocina', '/produccion/CocinaNotificacion.zul', null, null, 't', 'f', 60);
INSERT INTO nw.public.opcion(idopcion, idproyecto, opcion, formulario, imagen, idtipopantalla, habilitar, nuevapestana, idmenucategoriaproceso) VALUES (1946, 1, 'QAC_Corrección Control Descarga', '/produccion/CalidadDescargaControlMantenimientoV1.zul', null, null, 't', 'f', 46);
INSERT INTO nw.public.opcion(idopcion, idproyecto, opcion, formulario, imagen, idtipopantalla, habilitar, nuevapestana, idmenucategoriaproceso) VALUES (1947, 1, 'Reportes Limpieza x Producción', '/produccion/ReportesLineasxProduccionSupervidores.zul', null, null, 'f', 'f', 11);
INSERT INTO nw.public.opcion(idopcion, idproyecto, opcion, formulario, imagen, idtipopantalla, habilitar, nuevapestana, idmenucategoriaproceso) VALUES (1948, 1, 'Atunera/Fileteadores Eficiencia Detallada por Persona', '/produccion/EvolutionLimpiezaPesosReportesporPersona.zul', null, null, 't', 'f', 53);
INSERT INTO nw.public.opcion(idopcion, idproyecto, opcion, formulario, imagen, idtipopantalla, habilitar, nuevapestana, idmenucategoriaproceso) VALUES (1949, 1, 'Cargar Nómina de Fileteado', '/produccion/EvolutionInterfazFileteado.zul', null, null, 't', 'f', 55);
INSERT INTO nw.public.opcion(idopcion, idproyecto, opcion, formulario, imagen, idtipopantalla, habilitar, nuevapestana, idmenucategoriaproceso) VALUES (1950, 1, 'QAC_Corrección Temp.Limp.Pescado V2', '/produccion/CalidadMuestreoTemperaturaLimpiezaV2.zul', null, null, 't', 't', 10);
INSERT INTO nw.public.opcion(idopcion, idproyecto, opcion, formulario, imagen, idtipopantalla, habilitar, nuevapestana, idmenucategoriaproceso) VALUES (1951, 1, 'QAC_Corrección Muestreo-Temp.Cocción V2', '/produccion/CalidadMuestreosyTemperaturaCoccionMantenimientoV2.zul', null, null, 't', 'f', 6);
INSERT INTO nw.public.opcion(idopcion, idproyecto, opcion, formulario, imagen, idtipopantalla, habilitar, nuevapestana, idmenucategoriaproceso) VALUES (1952, 1, 'Limpieza Ajuste de lotes por lineas', '/produccion/LimpiezaLotesProduccion.zul', null, null, 't', 'f', 31);
INSERT INTO nw.public.opcion(idopcion, idproyecto, opcion, formulario, imagen, idtipopantalla, habilitar, nuevapestana, idmenucategoriaproceso) VALUES (1953, 1, 'Envasado Control Peso Aprobacion', '/produccion/EnvasadoDetalleControlPesoAprobacion.zul', null, null, 't', 'f', 35);
INSERT INTO nw.public.opcion(idopcion, idproyecto, opcion, formulario, imagen, idtipopantalla, habilitar, nuevapestana, idmenucategoriaproceso) VALUES (1954, 1, 'Asignacion Tiempos Rackeo', '/produccion/EvisceradoDetalleProcesoLotesRackeo.zul', null, null, 't', 'f', 30);
INSERT INTO nw.public.opcion(idopcion, idproyecto, opcion, formulario, imagen, idtipopantalla, habilitar, nuevapestana, idmenucategoriaproceso) VALUES (1955, 1, 'Empacado Coches V4 Mantenimiento', '/produccion/LonjasDetalleProcesoCocheEmpacadoV4Mantenimiento.zul', null, null, 't', 'f', 21);
INSERT INTO nw.public.opcion(idopcion, idproyecto, opcion, formulario, imagen, idtipopantalla, habilitar, nuevapestana, idmenucategoriaproceso) VALUES (1956, 1, 'QAA_Result.Metales pesados MP Atún', '/produccion/CalidadControlMetalesPesadosV1.zul', null, null, 't', 't', 44);
INSERT INTO nw.public.opcion(idopcion, idproyecto, opcion, formulario, imagen, idtipopantalla, habilitar, nuevapestana, idmenucategoriaproceso) VALUES (1957, 1, 'Preproceso PCC1B crudo Mantenimiento V2', '/produccion/CalidadMuestraClasificacionCabeceraMantenimiento.zul', null, null, 't', 'f', 6);
INSERT INTO nw.public.opcion(idopcion, idproyecto, opcion, formulario, imagen, idtipopantalla, habilitar, nuevapestana, idmenucategoriaproceso) VALUES (1958, 1, 'Establecer Carryover', '/produccion/DescongeladoLotesCarrioverGestion.zul', null, null, 't', 'f', 32);
INSERT INTO nw.public.opcion(idopcion, idproyecto, opcion, formulario, imagen, idtipopantalla, habilitar, nuevapestana, idmenucategoriaproceso) VALUES (1959, 1, 'NW-SAP Ingreso Pesos Cocinas', '/produccion/EvisceradoDetalleProcesoPeso.zul', null, null, 't', 't', 4);
INSERT INTO nw.public.opcion(idopcion, idproyecto, opcion, formulario, imagen, idtipopantalla, habilitar, nuevapestana, idmenucategoriaproceso) VALUES (1960, 1, 'Reg.Datos Barcos/Certificados Capturas', '/produccion/BarcoActualizacion.zul', null, null, 't', 'f', 44);
INSERT INTO nw.public.opcion(idopcion, idproyecto, opcion, formulario, imagen, idtipopantalla, habilitar, nuevapestana, idmenucategoriaproceso) VALUES (1961, 1, 'Temperatura Salida Cocinas (Tablet)', '/produccion/CoccionMuestreoTemperaturaSalidaV1.zul', null, null, 't', 'f', 4);
INSERT INTO nw.public.opcion(idopcion, idproyecto, opcion, formulario, imagen, idtipopantalla, habilitar, nuevapestana, idmenucategoriaproceso) VALUES (1962, 1, 'Temperatura Ingreso Cocinas (Tablet)', '/produccion/CoccionMuestreoTemperaturaIngresoV1.zul', null, null, 't', 'f', 4);
INSERT INTO nw.public.opcion(idopcion, idproyecto, opcion, formulario, imagen, idtipopantalla, habilitar, nuevapestana, idmenucategoriaproceso) VALUES (1963, 1, 'Registro de Coches Eviscerado (Tablet)', '/produccion/EvisceradoDetalleProcesoCoche4.zul', null, null, 't', 'f', 4);
INSERT INTO nw.public.opcion(idopcion, idproyecto, opcion, formulario, imagen, idtipopantalla, habilitar, nuevapestana, idmenucategoriaproceso) VALUES (1964, 1, 'NW-SAP Notificación Limpieza', '/produccion/LimpiezaNotificacion.zul', null, null, 't', 'f', 60);
INSERT INTO nw.public.opcion(idopcion, idproyecto, opcion, formulario, imagen, idtipopantalla, habilitar, nuevapestana, idmenucategoriaproceso) VALUES (1965, 1, 'Contingencia - Eviscerado Cargar Plantilla de Coches', '/produccion/EvisceradoDetalleProcesoCocheCargaPlantilla.zul', null, null, 't', 'f', 30);
INSERT INTO nw.public.opcion(idopcion, idproyecto, opcion, formulario, imagen, idtipopantalla, habilitar, nuevapestana, idmenucategoriaproceso) VALUES (1966, 1, 'Asignación Lotes con Programa de Producción', '/produccion/LimpiezaProduccionLoteOrden.zul', null, null, 't', 'f', 31);
INSERT INTO nw.public.opcion(idopcion, idproyecto, opcion, formulario, imagen, idtipopantalla, habilitar, nuevapestana, idmenucategoriaproceso) VALUES (1967, 1, 'Mant. Asignación Lotes con Programa de Producción', '/produccion/LimpiezaProduccionLoteOrdenMantenimiento.zul', null, null, 't', 'f', 12);
INSERT INTO nw.public.opcion(idopcion, idproyecto, opcion, formulario, imagen, idtipopantalla, habilitar, nuevapestana, idmenucategoriaproceso) VALUES (1968, 1, 'Reporte Asignación Lotes con Programa de Producción', '/produccion/LimpiezaProduccionLoteOrdenReportes.zul', null, null, 't', 'f', 11);
INSERT INTO nw.public.opcion(idopcion, idproyecto, opcion, formulario, imagen, idtipopantalla, habilitar, nuevapestana, idmenucategoriaproceso) VALUES (1969, 1, 'NW-SAP Notificación Subproducto Cocido', '/produccion/DesperdicioCocidoNotificacion.zul', null, null, 't', 'f', 60);
INSERT INTO nw.public.opcion(idopcion, idproyecto, opcion, formulario, imagen, idtipopantalla, habilitar, nuevapestana, idmenucategoriaproceso) VALUES (1970, 1, 'NW-SAP Notificacion Rallado', '/produccion/LimpiezaRalladoNotificacion.zul', null, null, 't', 'f', 60);
INSERT INTO nw.public.opcion(idopcion, idproyecto, opcion, formulario, imagen, idtipopantalla, habilitar, nuevapestana, idmenucategoriaproceso) VALUES (1971, 1, 'Captura Pesos Panzas_Limpieza', '/produccion/PanzasDetalleProcesoBandeja.zul', null, null, 't', 'f', 10);
INSERT INTO nw.public.opcion(idopcion, idproyecto, opcion, formulario, imagen, idtipopantalla, habilitar, nuevapestana, idmenucategoriaproceso) VALUES (1972, 1, 'Maquina Control de Eventos Mantenimiento', '/produccion/EnvasadoDetalleControlEventosMantenimiento.zul', '', null, 't', 'f', 35);
INSERT INTO nw.public.opcion(idopcion, idproyecto, opcion, formulario, imagen, idtipopantalla, habilitar, nuevapestana, idmenucategoriaproceso) VALUES (1973, 1, 'Maquina Control de Eventos', '/produccion/EnvasadoDetalleControlEventos.zul', '', null, 't', 'f', 22);
INSERT INTO nw.public.opcion(idopcion, idproyecto, opcion, formulario, imagen, idtipopantalla, habilitar, nuevapestana, idmenucategoriaproceso) VALUES (1974, 1, 'Mantenimiento Lista cubrir ausentimos', '/produccion/LimpiezaProcesoAsignacionListaBackupV1.zul', null, null, 't', 'f', 31);
INSERT INTO nw.public.opcion(idopcion, idproyecto, opcion, formulario, imagen, idtipopantalla, habilitar, nuevapestana, idmenucategoriaproceso) VALUES (1975, 1, 'Rackeo Programar Cortes de Banda', '/produccion/EvisceradoTvcCortes.zul', null, null, 't', 'f', 30);
INSERT INTO nw.public.opcion(idopcion, idproyecto, opcion, formulario, imagen, idtipopantalla, habilitar, nuevapestana, idmenucategoriaproceso) VALUES (1976, 1, 'Asignación Empleado x Cedula Evolution NORMAL', '/produccion/LimpiezaProcesoAsignacionEmpleadoCodigoEvolutionV2.zul', null, null, 't', 'f', 31);
INSERT INTO nw.public.opcion(idopcion, idproyecto, opcion, formulario, imagen, idtipopantalla, habilitar, nuevapestana, idmenucategoriaproceso) VALUES (1977, 1, 'Captura Peso L5', '/produccion/LimpiezaDetalleProcesoBandejaLineaGrupo2.zul', null, null, 't', 'f', 10);
INSERT INTO nw.public.opcion(idopcion, idproyecto, opcion, formulario, imagen, idtipopantalla, habilitar, nuevapestana, idmenucategoriaproceso) VALUES (1978, 1, 'Reporte Eficiencias(4 Pasos)', '/produccion/EvolutionLimpiezaPesosReportes4Pasos.zul', null, null, 't', 'f', 53);
INSERT INTO nw.public.opcion(idopcion, idproyecto, opcion, formulario, imagen, idtipopantalla, habilitar, nuevapestana, idmenucategoriaproceso) VALUES (1979, 1, 'Carga de Cajones Excel Para Operador', '/produccion/CamaraCajonSubirArchivo.zul', null, null, 't', 'f', 51);
INSERT INTO nw.public.opcion(idopcion, idproyecto, opcion, formulario, imagen, idtipopantalla, habilitar, nuevapestana, idmenucategoriaproceso) VALUES (1980, 1, 'QAR_Rechazos barcos con cargo proveedor', '/produccion/CalidadDesperdicioRegistroReporteBS.zul', null, null, 't', 'f', 45);
INSERT INTO nw.public.opcion(idopcion, idproyecto, opcion, formulario, imagen, idtipopantalla, habilitar, nuevapestana, idmenucategoriaproceso) VALUES (1981, 1, 'MARCACIONES HISTORICAS ONLY CONTROL', '/produccion/MarcacionesOnlyControlReporte.zul', null, null, 't', 'f', 53);
INSERT INTO nw.public.opcion(idopcion, idproyecto, opcion, formulario, imagen, idtipopantalla, habilitar, nuevapestana, idmenucategoriaproceso) VALUES (1982, 1, 'ACTUALIZAR PLANIFICACIÓN EVOLUTION', '/produccion/EvolutionOCActualizarPlanificacion.zul', null, null, 't', 'f', 55);
INSERT INTO nw.public.opcion(idopcion, idproyecto, opcion, formulario, imagen, idtipopantalla, habilitar, nuevapestana, idmenucategoriaproceso) VALUES (1983, 1, 'Reporte Consumo de Agua', '/produccion/CocinaConsumoAguaReporte.zul', null, null, 't', 'f', 26);
INSERT INTO nw.public.opcion(idopcion, idproyecto, opcion, formulario, imagen, idtipopantalla, habilitar, nuevapestana, idmenucategoriaproceso) VALUES (1984, 1, 'Parametrizacion de CECOS', 'produccion/EvolutionParametrizacionCECOS.zul', null, null, 't', 'f', 55);
INSERT INTO nw.public.opcion(idopcion, idproyecto, opcion, formulario, imagen, idtipopantalla, habilitar, nuevapestana, idmenucategoriaproceso) VALUES (1985, 1, 'Activar Peso Manual x Línea Infraestructura', '/produccion/LimpiezaDetalleLineaTaraV4.zul', null, null, 't', 'f', 31);
INSERT INTO nw.public.opcion(idopcion, idproyecto, opcion, formulario, imagen, idtipopantalla, habilitar, nuevapestana, idmenucategoriaproceso) VALUES (1986, 1, 'Encartonado AperturaCierreProceso', '/produccion/EncartonadoAperturaCierreProceso.zul', null, null, 't', 'f', 39);
INSERT INTO nw.public.opcion(idopcion, idproyecto, opcion, formulario, imagen, idtipopantalla, habilitar, nuevapestana, idmenucategoriaproceso) VALUES (1987, 1, 'Encartonado Registro Ingreso de Coche', '/produccion/EncartonadoRegistroIngresodeCoche.zul', null, null, 't', 'f', 36);
INSERT INTO nw.public.opcion(idopcion, idproyecto, opcion, formulario, imagen, idtipopantalla, habilitar, nuevapestana, idmenucategoriaproceso) VALUES (1988, 1, 'Encartonado Registro Ingreso de Coche Mantenimiento', '/produccion/EncartonadoRegistroIngresodeCocheMantenimiento.zul', null, null, 't', 'f', 38);
INSERT INTO nw.public.opcion(idopcion, idproyecto, opcion, formulario, imagen, idtipopantalla, habilitar, nuevapestana, idmenucategoriaproceso) VALUES (1989, 1, 'Mantenimiento Ficha Tecnica', '/produccion/EnvasadoFichaTecnicaMantenimientoV5.zul', null, null, 't', 'f', 24);
INSERT INTO nw.public.opcion(idopcion, idproyecto, opcion, formulario, imagen, idtipopantalla, habilitar, nuevapestana, idmenucategoriaproceso) VALUES (1990, 1, 'Revolteo de Cajón', '/produccion/CamaraRevolteoCajon.zul', null, null, 't', 'f', 51);
INSERT INTO nw.public.opcion(idopcion, idproyecto, opcion, formulario, imagen, idtipopantalla, habilitar, nuevapestana, idmenucategoriaproceso) VALUES (1991, 1, 'Reporte Mermas (Enfriamiento)', '/produccion/EvisceradoReporteMermas.zul', null, null, 't', 't', 5);
INSERT INTO nw.public.opcion(idopcion, idproyecto, opcion, formulario, imagen, idtipopantalla, habilitar, nuevapestana, idmenucategoriaproceso) VALUES (1992, 1, 'CARGA EMPLEADOS PLANTILLAS', '/produccion/LimpiezaProcesoEmpleadoCargaPlantilla.zul', null, null, 't', 'f', 31);
INSERT INTO nw.public.opcion(idopcion, idproyecto, opcion, formulario, imagen, idtipopantalla, habilitar, nuevapestana, idmenucategoriaproceso) VALUES (1993, 1, 'HABILITAR EXISTENCIA EMPLEADO EVOLUTION', '/produccion/LimpiezaProcesoEmpleadoHabilitarExistenciaEmpleadoEvolution.zul', null, null, 't', 'f', 31);
INSERT INTO nw.public.opcion(idopcion, idproyecto, opcion, formulario, imagen, idtipopantalla, habilitar, nuevapestana, idmenucategoriaproceso) VALUES (1994, 1, 'Activar peso manual (Jefes)', '/produccion/LimpiezaDetalleLineaTaraJefatura.zul', null, null, 't', 'f', 31);
INSERT INTO nw.public.opcion(idopcion, idproyecto, opcion, formulario, imagen, idtipopantalla, habilitar, nuevapestana, idmenucategoriaproceso) VALUES (1995, 1, 'Empleado Plantilla Reporte', '/produccion/EmpleadoPlantillaReporte.zul', null, null, 't', 'f', 31);
INSERT INTO nw.public.opcion(idopcion, idproyecto, opcion, formulario, imagen, idtipopantalla, habilitar, nuevapestana, idmenucategoriaproceso) VALUES (1996, 1, 'Maquina Reporte Indicador de Peso Fill', '/produccion/EnvasadoReporteIndicadoresFillNeto.zul', null, null, 't', 'f', 23);
INSERT INTO nw.public.opcion(idopcion, idproyecto, opcion, formulario, imagen, idtipopantalla, habilitar, nuevapestana, idmenucategoriaproceso) VALUES (1997, 1, 'Ponchada Despellejado (Linea Virtual)', '/produccion/LimpiezaPonchadaDespellejadoCodigoEvolutionV2.zul', null, null, 't', 'f', 10);
INSERT INTO nw.public.opcion(idopcion, idproyecto, opcion, formulario, imagen, idtipopantalla, habilitar, nuevapestana, idmenucategoriaproceso) VALUES (1998, 1, 'Reporte Novedades Balanza', '/produccion/LimpiezaProcesoLineaTaraReporte.zul', null, null, 't', 'f', 11);
INSERT INTO nw.public.opcion(idopcion, idproyecto, opcion, formulario, imagen, idtipopantalla, habilitar, nuevapestana, idmenucategoriaproceso) VALUES (1999, 1, 'QAM_Control de Llenado', '/produccion/CalidadControlPesoFill.zul', null, null, 't', 'f', 22);
INSERT INTO nw.public.opcion(idopcion, idproyecto, opcion, formulario, imagen, idtipopantalla, habilitar, nuevapestana, idmenucategoriaproceso) VALUES (2000, 1, 'QAR_Resumen Control Llenado', '/produccion/CalidadControlPesoReporte.zul', null, null, 't', 'f', 23);
INSERT INTO nw.public.opcion(idopcion, idproyecto, opcion, formulario, imagen, idtipopantalla, habilitar, nuevapestana, idmenucategoriaproceso) VALUES (2001, 1, 'Reporte de Proceso de Lonjas', '/produccion/LiquidacionLomosAtunReporteBS.zul', null, null, 't', 't', 20);
INSERT INTO nw.public.opcion(idopcion, idproyecto, opcion, formulario, imagen, idtipopantalla, habilitar, nuevapestana, idmenucategoriaproceso) VALUES (2002, 1, 'Salida de Coche de Tunel V2', '/produccion/LonjasDetalleProcesoCocheEmpacadoSalidaTunel.zul', null, null, 't', 'f', 19);
INSERT INTO nw.public.opcion(idopcion, idproyecto, opcion, formulario, imagen, idtipopantalla, habilitar, nuevapestana, idmenucategoriaproceso) VALUES (2003, 1, 'QAR_Reporte Control LLenado', '/produccion/CalidadControlPesoFillReporte.zul', null, null, 't', 'f', 23);
INSERT INTO nw.public.opcion(idopcion, idproyecto, opcion, formulario, imagen, idtipopantalla, habilitar, nuevapestana, idmenucategoriaproceso) VALUES (2004, 1, 'Gestion Cortes Proceso', '/produccion/LonjasDetalleProcesoCortes.zul', null, null, 't', 'f', 34);
INSERT INTO nw.public.opcion(idopcion, idproyecto, opcion, formulario, imagen, idtipopantalla, habilitar, nuevapestana, idmenucategoriaproceso) VALUES (2005, 1, 'Registro de Destino de Rallado', '/produccion/LimpiezaRalladoMovimientoDestino.zul', null, null, 't', 'f', 40);
INSERT INTO nw.public.opcion(idopcion, idproyecto, opcion, formulario, imagen, idtipopantalla, habilitar, nuevapestana, idmenucategoriaproceso) VALUES (2006, 1, 'Registro de Destino de Rallado- Mantenimiento', '/produccion/LimpiezaRalladoMovimientoDestinoMantenimiento.zul', null, null, 't', 'f', 42);
INSERT INTO nw.public.opcion(idopcion, idproyecto, opcion, formulario, imagen, idtipopantalla, habilitar, nuevapestana, idmenucategoriaproceso) VALUES (2007, 1, 'Reporte de Destino de Rallado', '/produccion/LimpiezaRalladoReporte.zul', null, null, 't', 'f', 41);
INSERT INTO nw.public.opcion(idopcion, idproyecto, opcion, formulario, imagen, idtipopantalla, habilitar, nuevapestana, idmenucategoriaproceso) VALUES (2008, 1, 'Reasignar Orden de Produccion', '/produccion/LonjasOrdenReasignacion.zul', null, null, 't', 'f', 34);
INSERT INTO nw.public.opcion(idopcion, idproyecto, opcion, formulario, imagen, idtipopantalla, habilitar, nuevapestana, idmenucategoriaproceso) VALUES (2009, 1, 'Distribucion de Fundas', '/produccion/LonjasDistribucionFundasV2.zul', null, null, 't', 'f', 34);
INSERT INTO nw.public.opcion(idopcion, idproyecto, opcion, formulario, imagen, idtipopantalla, habilitar, nuevapestana, idmenucategoriaproceso) VALUES (2010, 1, 'Limpieza Rallado Pesos Mantenimineto', '/produccion/LimpiezaRalladoPesosMantenimiento.zul', null, null, 't', 'f', 42);
INSERT INTO nw.public.opcion(idopcion, idproyecto, opcion, formulario, imagen, idtipopantalla, habilitar, nuevapestana, idmenucategoriaproceso) VALUES (2011, 1, 'Proceso de Empacado (Llenado de coches)', '/produccion/LonjasDetalleProcesoCocheEmpacadoV7.zul', null, null, 't', 'f', 19);
INSERT INTO nw.public.opcion(idopcion, idproyecto, opcion, formulario, imagen, idtipopantalla, habilitar, nuevapestana, idmenucategoriaproceso) VALUES (2012, 1, 'QAR_Rechazos barcos con cargo proveedor', '/produccion/CalidadDesperdicioRegistroReporteBSV2.zul', null, null, 't', 'f', 14);
INSERT INTO nw.public.opcion(idopcion, idproyecto, opcion, formulario, imagen, idtipopantalla, habilitar, nuevapestana, idmenucategoriaproceso) VALUES (2013, 1, 'Distribucion Fundas Relevo Turno', '/produccion/LonjasDistribucionFundasTurnoRelevo.zul', null, null, 't', 'f', 34);
INSERT INTO nw.public.opcion(idopcion, idproyecto, opcion, formulario, imagen, idtipopantalla, habilitar, nuevapestana, idmenucategoriaproceso) VALUES (2014, 1, 'Control de Funda', '/produccion/LonjasControlFunda.zul', null, null, 't', 'f', 34);
INSERT INTO nw.public.opcion(idopcion, idproyecto, opcion, formulario, imagen, idtipopantalla, habilitar, nuevapestana, idmenucategoriaproceso) VALUES (2015, 1, 'Reporte de Tiempos de Proceso', '/produccion/ProduccionReporteTiemposTallas.zul', null, null, 't', 't', 61);
INSERT INTO nw.public.opcion(idopcion, idproyecto, opcion, formulario, imagen, idtipopantalla, habilitar, nuevapestana, idmenucategoriaproceso) VALUES (2016, 1, 'Control de tiempos de exposición', '/produccion/ProduccionControlTiemposExposicionCoches.zul', null, null, 't', 'f', 11);
INSERT INTO nw.public.opcion(idopcion, idproyecto, opcion, formulario, imagen, idtipopantalla, habilitar, nuevapestana, idmenucategoriaproceso) VALUES (2017, 1, 'Reporte Detallado de Liquidacion', '/produccion/LonjasReporteLiquidacionV2.zul', null, null, 't', 't', 20);
INSERT INTO nw.public.opcion(idopcion, idproyecto, opcion, formulario, imagen, idtipopantalla, habilitar, nuevapestana, idmenucategoriaproceso) VALUES (2018, 1, 'Captura Pesos MT2 (PLANTA) LINEA', '/produccion/LimpiezaDetalleProcesoBandejaCapturaManual.zul', null, null, 't', 'f', 10);
INSERT INTO nw.public.opcion(idopcion, idproyecto, opcion, formulario, imagen, idtipopantalla, habilitar, nuevapestana, idmenucategoriaproceso) VALUES (2019, 1, 'Captura Pesos Iris2 (PLANTA) LINEA', '/produccion/LimpiezaDetalleProcesoBandejaCapturaAutomatica.zul', null, null, 't', 'f', 10);
INSERT INTO nw.public.opcion(idopcion, idproyecto, opcion, formulario, imagen, idtipopantalla, habilitar, nuevapestana, idmenucategoriaproceso) VALUES (2020, 1, 'Esterilizado Reimpresión Etiquetas', '/produccion/EsterilizadoCocheReeimpresion.zul', null, null, 't', 'f', 33);
INSERT INTO nw.public.opcion(idopcion, idproyecto, opcion, formulario, imagen, idtipopantalla, habilitar, nuevapestana, idmenucategoriaproceso) VALUES (2021, 1, 'Reporte de Eficiencias por Línea V2021', '/produccion/EvolutionNominaEficiencia.zul', null, null, 't', 'f', 53);
INSERT INTO nw.public.opcion(idopcion, idproyecto, opcion, formulario, imagen, idtipopantalla, habilitar, nuevapestana, idmenucategoriaproceso) VALUES (2022, 1, 'Tablero de Eficiencias', '/produccion/LimpiezaTableroEficiencia.zul', '', null, 't', 't', 11);
INSERT INTO nw.public.proceso(idproceso, descripcionproceso, codproceso, orden, rutalogo) VALUES (1, 'DESPERDICIO', null, null, 'img/procesos/esfera.png                                                                             ');
INSERT INTO nw.public.proceso(idproceso, descripcionproceso, codproceso, orden, rutalogo) VALUES (2, 'HARINA', null, null, 'img/procesos/esfera.png                                                                             ');
INSERT INTO nw.public.proceso(idproceso, descripcionproceso, codproceso, orden, rutalogo) VALUES (3, 'PREPROCESO', null, 2, 'img/procesos/esfera.png                                                                             ');
INSERT INTO nw.public.proceso(idproceso, descripcionproceso, codproceso, orden, rutalogo) VALUES (4, 'LIMPIEZA', null, null, 'img/procesos/esfera.png                                                                             ');
INSERT INTO nw.public.proceso(idproceso, descripcionproceso, codproceso, orden, rutalogo) VALUES (5, 'DESCONGELADO', null, 1, 'img/procesos/esfera.png                                                                             ');
INSERT INTO nw.public.proceso(idproceso, descripcionproceso, codproceso, orden, rutalogo) VALUES (6, 'ESTERILIZADO', null, null, 'img/procesos/esfera.png                                                                             ');
INSERT INTO nw.public.proceso(idproceso, descripcionproceso, codproceso, orden, rutalogo) VALUES (9, 'LONJAS', '011', null, 'img/procesos/esfera.png                                                                             ');
INSERT INTO nw.public.proceso(idproceso, descripcionproceso, codproceso, orden, rutalogo) VALUES (10, 'DESEMBARCO', null, null, 'img/procesos/esfera.png                                                                             ');
INSERT INTO nw.public.proceso(idproceso, descripcionproceso, codproceso, orden, rutalogo) VALUES (11, 'CLASIFICACION', null, null, 'img/procesos/esfera.png                                                                             ');
INSERT INTO nw.public.proceso(idproceso, descripcionproceso, codproceso, orden, rutalogo) VALUES (12, 'RACKEO', null, null, 'img/procesos/esfera.png                                                                             ');
INSERT INTO nw.public.proceso(idproceso, descripcionproceso, codproceso, orden, rutalogo) VALUES (13, 'MAQUINA', '008', null, 'img/procesos/esfera.png                                                                             ');
INSERT INTO nw.public.proceso(idproceso, descripcionproceso, codproceso, orden, rutalogo) VALUES (14, 'POUCH', '009', null, 'img/procesos/esfera.png                                                                             ');
INSERT INTO nw.public.proceso(idproceso, descripcionproceso, codproceso, orden, rutalogo) VALUES (15, 'ESPECIALIDADES', null, null, 'img/procesos/esfera.png                                                                             ');
INSERT INTO nw.public.proceso(idproceso, descripcionproceso, codproceso, orden, rutalogo) VALUES (16, 'ENCARTONADO', null, null, 'img/procesos/esfera.png                                                                             ');
INSERT INTO nw.public.proceso(idproceso, descripcionproceso, codproceso, orden, rutalogo) VALUES (17, 'PANZAS', null, null, 'img/procesos/esfera.png                                                                             ');
INSERT INTO nw.public.proceso(idproceso, descripcionproceso, codproceso, orden, rutalogo) VALUES (18, 'ATC - LIMPIEZA', null, null, 'img/procesos/esfera.png                                                                             ');
INSERT INTO nw.public.proceso(idproceso, descripcionproceso, codproceso, orden, rutalogo) VALUES (19, 'ATC - EVISCERADO', null, null, 'img/procesos/esfera.png                                                                             ');
INSERT INTO nw.public.proceso(idproceso, descripcionproceso, codproceso, orden, rutalogo) VALUES (20, 'ATC -  EMBUTIDO', null, null, 'img/procesos/esfera.png                                                                             ');
INSERT INTO nw.public.proceso(idproceso, descripcionproceso, codproceso, orden, rutalogo) VALUES (21, 'ATC - MAQUINA', null, null, 'img/procesos/esfera.png                                                                             ');
INSERT INTO nw.public.proceso(idproceso, descripcionproceso, codproceso, orden, rutalogo) VALUES (22, 'ESPECIALIDADES - JORNADA', null, null, 'img/procesos/esfera.png                                                                             ');
INSERT INTO nw.public.proceso(idproceso, descripcionproceso, codproceso, orden, rutalogo) VALUES (23, 'DESPERDICIO CRUDO', null, null, 'img/procesos/esfera.png                                                                             ');
INSERT INTO nw.public.proceso(idproceso, descripcionproceso, codproceso, orden, rutalogo) VALUES (24, 'DESPERDICIO COCIDO', null, null, 'img/procesos/esfera.png                                                                             ');
INSERT INTO nw.public.proceso(idproceso, descripcionproceso, codproceso, orden, rutalogo) VALUES (25, 'RALLADO', null, null, 'img/procesos/esfera.png                                                                             ');
INSERT INTO nw.public.proceso(idproceso, descripcionproceso, codproceso, orden, rutalogo) VALUES (26, 'PANZA FILETEADA', null, null, 'img/procesos/esfera.png                                                                             ');
INSERT INTO nw.public.proceso(idproceso, descripcionproceso, codproceso, orden, rutalogo) VALUES (27, 'DESCARGA', null, null, 'img/procesos/esfera.png                                                                             ');
INSERT INTO nw.public.proceso(idproceso, descripcionproceso, codproceso, orden, rutalogo) VALUES (28, 'CAMARA', null, null, 'img/procesos/esfera.png                                                                             ');
INSERT INTO nw.public.proceso(idproceso, descripcionproceso, codproceso, orden, rutalogo) VALUES (29, 'RRHH', null, null, 'img/procesos/esfera.png                                                                             ');
INSERT INTO nw.public.proceso(idproceso, descripcionproceso, codproceso, orden, rutalogo) VALUES (30, 'PLANIFICACION', null, null, 'img/procesos/esfera.png                                                                             ');
INSERT INTO nw.public.proceso(idproceso, descripcionproceso, codproceso, orden, rutalogo) VALUES (31, 'PRODUCCION', null, null, 'img/procesos/esfera.png                                                                             ');
INSERT INTO nw.public.proyecto(idproyecto, nombre, descripcion, "version", estado) VALUES (1, 'NW - ATUNERA', 'Empresa procesadora de Atún', '1', 't');
INSERT INTO nw.public.proyecto(idproyecto, nombre, descripcion, "version", estado) VALUES (2, 'NW - EMPACADORA', 'Empresa procesadora de Camarón', '1', 't');
INSERT INTO nw.public.usuario(idusuario, clave, idarea, iddepartamento, idproceso, codigoevolution, identificacion, nombres, apellidos, tipo, expirar_sesion, dias_clave_activa, estado) VALUES ('tic', '1234', null, null, null, null, null, 'USER', 'SUPER', null, 't', 30, 't');
INSERT INTO nw.public.usuario_acceso_empresa_proyecto(idusuario_acceso_empresa_proyecto, idusuario, idempresa, idproyecto, idgrupo, fecha_hora_ultima_acceso) VALUES (2, 'tic', 1, 1, 103, '2022-01-18 17:50:14');
ALTER TABLE nw.public.grupo
	ADD FOREIGN KEY (idgrupo) 
	REFERENCES grupo (idgrupo);


ALTER TABLE nw.public.grupo_opcion
	ADD FOREIGN KEY (idgrupo) 
	REFERENCES grupo (idgrupo);

ALTER TABLE nw.public.grupo_opcion
	ADD FOREIGN KEY (idopcion) 
	REFERENCES opcion (idopcion);


ALTER TABLE nw.public.menu_categoria_proceso
	ADD FOREIGN KEY (idmenucategoria) 
	REFERENCES menu_categoria (idmenucategoria);

ALTER TABLE nw.public.menu_categoria_proceso
	ADD FOREIGN KEY (idproceso) 
	REFERENCES proceso (idproceso);


ALTER TABLE nw.public.opcion
	ADD FOREIGN KEY (idmenucategoriaproceso) 
	REFERENCES menu_categoria_proceso (idmenucategoriaproceso);

ALTER TABLE nw.public.opcion
	ADD FOREIGN KEY (idproyecto) 
	REFERENCES proyecto (idproyecto);


ALTER TABLE nw.public.usuario_acceso_empresa_proyecto
	ADD FOREIGN KEY (idgrupo) 
	REFERENCES grupo (idgrupo);

ALTER TABLE nw.public.usuario_acceso_empresa_proyecto
	ADD FOREIGN KEY (idempresa) 
	REFERENCES empresa (idempresa);

ALTER TABLE nw.public.usuario_acceso_empresa_proyecto
	ADD FOREIGN KEY (idproyecto) 
	REFERENCES proyecto (idproyecto);

ALTER TABLE nw.public.usuario_acceso_empresa_proyecto
	ADD FOREIGN KEY (idusuario) 
	REFERENCES usuario (idusuario);


ALTER TABLE nw.public.usuario_clave
	ADD FOREIGN KEY (idusuario) 
	REFERENCES usuario (idusuario);
